Content,Player,Team,Agents Played,R2.0,ACS,K:D,KAST,ADR,KPR,APR,FKPR,FDPR,HS%,CL%,KMax,K,D,A,FK,FD,Rnd
Player aspas from team LEVIATÁN has the following stats: R2.0: 1.21 ACS: 247.37 K:D: 1.33 KAST: 74.57 ADR: 159.15 KPR: 0.88 APR: 0.18 FKPR: 0.17 FDPR: 0.12 HS%: 26.67 CL%: 17.25 KMax: 36.45 K: 1274.31 D: 951.87 A: 261.99 FK: 246.39 FD: 167.37 Rnd: 5150,aspas,LEVIATÁN,"jett, raze, reyna",1.21,247.37,1.33,74.57,159.15,0.88,0.18,0.17,0.12,26.67,17.25,36.45,1274.31,951.87,261.99,246.39,167.37,5150
Player Leo from team FNATIC has the following stats: R2.0: 1.24 ACS: 221.45 K:D: 1.31 KAST: 78.67 ADR: 143.5 KPR: 0.79 APR: 0.37 FKPR: 0.06 FDPR: 0.04 HS%: 22.63 CL%: 15.38 KMax: 28.69 K: 1189.64 D: 907.6 A: 545.01 FK: 99.14 FD: 70.25 Rnd: 5508,Leo,FNATIC,"sova, sage, omen",1.24,221.45,1.31,78.67,143.5,0.79,0.37,0.06,0.04,22.63,15.38,28.69,1189.64,907.6,545.01,99.14,70.25,5508
Player primmie from team Talon Esports has the following stats: R2.0: 1.16 ACS: 249.9 K:D: 1.15 KAST: 71.0 ADR: 165.0 KPR: 0.9 APR: 0.23 FKPR: 0.13 FDPR: 0.1 HS%: 41.0 CL%: 20.0 KMax: 28.0 K: 182.0 D: 158.0 A: 47.0 FK: 26.0 FD: 20.0 Rnd: 203,primmie,Talon Esports,"jett, killjoy, omen",1.16,249.9,1.15,71.0,165.0,0.9,0.23,0.13,0.1,41.0,20.0,28.0,182.0,158.0,47.0,26.0,20.0,203
Player N4RRATE from team Karmine Corp has the following stats: R2.0: 1.16 ACS: 233.2 K:D: 1.17 KAST: 76.0 ADR: 153.9 KPR: 0.81 APR: 0.33 FKPR: 0.12 FDPR: 0.08 HS%: 26.0 CL%: 19.0 KMax: 40.0 K: 922.0 D: 791.0 A: 380.0 FK: 131.0 FD: 94.0 Rnd: 1137,N4RRATE,Karmine Corp,"jett, gekko, raze",1.16,233.2,1.17,76.0,153.9,0.81,0.33,0.12,0.08,26.0,19.0,40.0,922.0,791.0,380.0,131.0,94.0,1137
Player trexx from team Team Vitality has the following stats: R2.0: 1.15 ACS: 230.62 K:D: 1.13 KAST: 74.72 ADR: 151.37 KPR: 0.78 APR: 0.35 FKPR: 0.12 FDPR: 0.1 HS%: 19.31 CL%: 15.31 KMax: 29.95 K: 818.04 D: 724.42 A: 368.98 FK: 118.21 FD: 104.06 Rnd: 3665,trexx,Team Vitality,"raze, sova, kayo",1.15,230.62,1.13,74.72,151.37,0.78,0.35,0.12,0.1,19.31,15.31,29.95,818.04,724.42,368.98,118.21,104.06,3665
Player invy from team Team Secret has the following stats: R2.0: 1.14 ACS: 217.54 K:D: 1.11 KAST: 73.69 ADR: 143.09 KPR: 0.78 APR: 0.4 FKPR: 0.08 FDPR: 0.07 HS%: 31.04 CL%: 17.45 KMax: 30.28 K: 709.25 D: 636.74 A: 357.13 FK: 67.69 FD: 63.39 Rnd: 3305,invy,Team Secret,"breach, kayo, sova",1.14,217.54,1.11,73.69,143.09,0.78,0.4,0.08,0.07,31.04,17.45,30.28,709.25,636.74,357.13,67.69,63.39,3305
Player Chronicle from team FNATIC has the following stats: R2.0: 1.13 ACS: 221.06 K:D: 1.18 KAST: 74.64 ADR: 144.68 KPR: 0.76 APR: 0.35 FKPR: 0.1 FDPR: 0.09 HS%: 24.14 CL%: 16.64 KMax: 28.91 K: 1189.47 D: 1006.38 A: 540.96 FK: 150.36 FD: 129.49 Rnd: 5956,Chronicle,FNATIC,"sova, viper, breach",1.13,221.06,1.18,74.64,144.68,0.76,0.35,0.1,0.09,24.14,16.64,28.91,1189.47,1006.38,540.96,150.36,129.49,5956
Player Sayf from team Team Vitality has the following stats: R2.0: 1.14 ACS: 227.97 K:D: 1.22 KAST: 71.47 ADR: 146.22 KPR: 0.82 APR: 0.21 FKPR: 0.13 FDPR: 0.11 HS%: 24.02 CL%: 14.78 KMax: 33.98 K: 1206.67 D: 1000.02 A: 315.41 FK: 189.83 FD: 161.27 Rnd: 5590,Sayf,Team Vitality,"jett, cypher, killjoy",1.14,227.97,1.22,71.47,146.22,0.82,0.21,0.13,0.11,24.02,14.78,33.98,1206.67,1000.02,315.41,189.83,161.27,5590
Player Cryocells from team 100 Thieves has the following stats: R2.0: 1.15 ACS: 232.35 K:D: 1.24 KAST: 71.92 ADR: 146.96 KPR: 0.85 APR: 0.18 FKPR: 0.16 FDPR: 0.12 HS%: 23.8 CL%: 14.41 KMax: 33.53 K: 1018.78 D: 801.81 A: 194.48 FK: 188.92 FD: 143.35 Rnd: 3589,Cryocells,100 Thieves,"sova, jett, chamber",1.15,232.35,1.24,71.92,146.96,0.85,0.18,0.16,0.12,23.8,14.41,33.53,1018.78,801.81,194.48,188.92,143.35,3589
Player zekken from team Sentinels has the following stats: R2.0: 1.09 ACS: 235.76 K:D: 1.13 KAST: 72.07 ADR: 153.11 KPR: 0.82 APR: 0.26 FKPR: 0.15 FDPR: 0.14 HS%: 22.89 CL%: 14.38 KMax: 30.21 K: 1108.37 D: 976.0 A: 339.35 FK: 218.22 FD: 191.33 Rnd: 4812,zekken,Sentinels,"raze, sova, jett",1.09,235.76,1.13,72.07,153.11,0.82,0.26,0.15,0.14,22.89,14.38,30.21,1108.37,976.0,339.35,218.22,191.33,4812
Player Less from team LOUD has the following stats: R2.0: 1.12 ACS: 214.92 K:D: 1.19 KAST: 72.44 ADR: 142.53 KPR: 0.76 APR: 0.23 FKPR: 0.1 FDPR: 0.08 HS%: 25.38 CL%: 15.59 KMax: 28.83 K: 952.14 D: 787.01 A: 277.97 FK: 125.61 FD: 101.77 Rnd: 4213,Less,LOUD,"killjoy, viper, cypher",1.12,214.92,1.19,72.44,142.53,0.76,0.23,0.1,0.08,25.38,15.59,28.83,952.14,787.01,277.97,125.61,101.77,4213
Player Jemkin from team Rex Regum Qeon has the following stats: R2.0: 1.14 ACS: 236.52 K:D: 1.2 KAST: 74.66 ADR: 152.91 KPR: 0.84 APR: 0.17 FKPR: 0.15 FDPR: 0.13 HS%: 30.55 CL%: 20.89 KMax: 28.79 K: 480.28 D: 397.77 A: 94.77 FK: 87.12 FD: 73.07 Rnd: 1127,Jemkin,Rex Regum Qeon,"jett, raze, reyna",1.14,236.52,1.2,74.66,152.91,0.84,0.17,0.15,0.13,30.55,20.89,28.79,480.28,397.77,94.77,87.12,73.07,1127
Player t3xture from team Gen.G has the following stats: R2.0: 1.11 ACS: 241.12 K:D: 1.18 KAST: 70.05 ADR: 153.0 KPR: 0.85 APR: 0.17 FKPR: 0.18 FDPR: 0.14 HS%: 26.22 CL%: 17.74 KMax: 31.69 K: 1428.58 D: 1203.03 A: 281.89 FK: 309.87 FD: 240.2 Rnd: 5025,t3xture,Gen.G,"jett, raze, killjoy",1.11,241.12,1.18,70.05,153.0,0.85,0.17,0.18,0.14,26.22,17.74,31.69,1428.58,1203.03,281.89,309.87,240.2,5025
Player s0m from team NRG Esports has the following stats: R2.0: 1.03 ACS: 215.99 K:D: 1.09 KAST: 72.8 ADR: 137.6 KPR: 0.77 APR: 0.29 FKPR: 0.11 FDPR: 0.1 HS%: 24.82 CL%: 16.94 KMax: 29.17 K: 922.78 D: 842.0 A: 340.69 FK: 131.9 FD: 120.8 Rnd: 3993,s0m,NRG Esports,"jett, omen, raze",1.03,215.99,1.09,72.8,137.6,0.77,0.29,0.11,0.1,24.82,16.94,29.17,922.78,842.0,340.69,131.9,120.8,3993
Player sScary from team BLEED has the following stats: R2.0: 1.15 ACS: 217.12 K:D: 1.2 KAST: 75.61 ADR: 140.8 KPR: 0.76 APR: 0.35 FKPR: 0.08 FDPR: 0.06 HS%: 21.58 CL%: 17.74 KMax: 27.62 K: 1221.9 D: 998.87 A: 564.21 FK: 117.71 FD: 104.39 Rnd: 3937,sScary,BLEED,"omen, astra, viper",1.15,217.12,1.2,75.61,140.8,0.76,0.35,0.08,0.06,21.58,17.74,27.62,1221.9,998.87,564.21,117.71,104.39,3937
Player Smoggy from team EDward Gaming has the following stats: R2.0: 1.07 ACS: 203.6 K:D: 1.13 KAST: 74.23 ADR: 134.04 KPR: 0.74 APR: 0.31 FKPR: 0.08 FDPR: 0.07 HS%: 29.15 CL%: 14.0 KMax: 27.31 K: 1016.11 D: 899.07 A: 445.37 FK: 71.54 FD: 65.93 Rnd: 2608,Smoggy,EDward Gaming,"jett, killjoy, raze",1.07,203.6,1.13,74.23,134.04,0.74,0.31,0.08,0.07,29.15,14.0,27.31,1016.11,899.07,445.37,71.54,65.93,2608
Player CHICHOO from team EDward Gaming has the following stats: R2.0: 1.1 ACS: 202.09 K:D: 1.13 KAST: 73.77 ADR: 134.42 KPR: 0.72 APR: 0.28 FKPR: 0.07 FDPR: 0.06 HS%: 26.94 CL%: 15.46 KMax: 26.68 K: 915.47 D: 818.26 A: 337.83 FK: 59.47 FD: 50.59 Rnd: 2915,CHICHOO,EDward Gaming,"killjoy, viper, cypher",1.1,202.09,1.13,73.77,134.42,0.72,0.28,0.07,0.06,26.94,15.46,26.68,915.47,818.26,337.83,59.47,50.59,2915
Player eeiu from team 100 Thieves has the following stats: R2.0: 1.09 ACS: 203.07 K:D: 1.11 KAST: 75.35 ADR: 136.17 KPR: 0.71 APR: 0.33 FKPR: 0.05 FDPR: 0.05 HS%: 28.28 CL%: 15.06 KMax: 27.05 K: 851.36 D: 765.16 A: 390.11 FK: 63.51 FD: 63.58 Rnd: 3566,eeiu,100 Thieves,"sova, fade, breach",1.09,203.07,1.11,75.35,136.17,0.71,0.33,0.05,0.05,28.28,15.06,27.05,851.36,765.16,390.11,63.51,63.58,3566
Player 2ge from team Team Secret has the following stats: R2.0: 1.08 ACS: 196.6 K:D: 1.05 KAST: 74.84 ADR: 126.11 KPR: 0.7 APR: 0.38 FKPR: 0.05 FDPR: 0.07 HS%: 25.56 CL%: 19.57 KMax: 26.58 K: 493.18 D: 463.04 A: 263.9 FK: 35.86 FD: 48.01 Rnd: 2019,2ge,Team Secret,"astra, viper, omen",1.08,196.6,1.05,74.84,126.11,0.7,0.38,0.05,0.07,25.56,19.57,26.58,493.18,463.04,263.9,35.86,48.01,2019
Player ZmjjKK from team EDward Gaming has the following stats: R2.0: 1.09 ACS: 263.19 K:D: 1.24 KAST: 69.29 ADR: 157.44 KPR: 0.92 APR: 0.19 FKPR: 0.21 FDPR: 0.17 HS%: 21.95 CL%: 14.24 KMax: 31.63 K: 1069.24 D: 871.61 A: 238.67 FK: 161.69 FD: 137.19 Rnd: 3255,ZmjjKK,EDward Gaming,"jett, raze, chamber",1.09,263.19,1.24,69.29,157.44,0.92,0.19,0.21,0.17,21.95,14.24,31.63,1069.24,871.61,238.67,161.69,137.19,3255
Player kiNgg from team LEVIATÁN has the following stats: R2.0: 1.12 ACS: 217.71 K:D: 1.16 KAST: 75.11 ADR: 140.43 KPR: 0.76 APR: 0.32 FKPR: 0.12 FDPR: 0.09 HS%: 25.41 CL%: 16.59 KMax: 30.82 K: 1003.14 D: 868.89 A: 430.92 FK: 151.32 FD: 119.84 Rnd: 5021,kiNgg,LEVIATÁN,"viper, raze, omen",1.12,217.71,1.16,75.11,140.43,0.76,0.32,0.12,0.09,25.41,16.59,30.82,1003.14,868.89,430.92,151.32,119.84,5021
Player Kai from team Trace Esports has the following stats: R2.0: 1.1 ACS: 211.4 K:D: 1.09 KAST: 70.0 ADR: 145.3 KPR: 0.77 APR: 0.19 FKPR: 0.16 FDPR: 0.14 HS%: 29.0 CL%: 4.0 KMax: 31.0 K: 856.0 D: 785.0 A: 207.0 FK: 89.0 FD: 76.0 Rnd: 1112,Kai,Trace Esports,"jett, killjoy, cypher",1.1,211.4,1.09,70.0,145.3,0.77,0.19,0.16,0.14,29.0,4.0,31.0,856.0,785.0,207.0,89.0,76.0,1112
Player Karon from team Gen.G has the following stats: R2.0: 1.1 ACS: 197.1 K:D: 1.1 KAST: 76.0 ADR: 128.3 KPR: 0.71 APR: 0.41 FKPR: 0.08 FDPR: 0.06 HS%: 32.0 CL%: 16.0 KMax: 28.0 K: 1711.0 D: 1553.0 A: 993.0 FK: 184.0 FD: 153.0 Rnd: 2405,Karon,Gen.G,"omen, viper, astra",1.1,197.1,1.1,76.0,128.3,0.71,0.41,0.08,0.06,32.0,16.0,28.0,1711.0,1553.0,993.0,184.0,153.0,2405
Player K4DAVRA from team Gentle Mates has the following stats: R2.0: 1.12 ACS: 239.39 K:D: 1.2 KAST: 71.62 ADR: 149.9 KPR: 0.85 APR: 0.21 FKPR: 0.15 FDPR: 0.13 HS%: 27.51 CL%: 14.5 KMax: 31.73 K: 807.39 D: 670.16 A: 186.9 FK: 146.27 FD: 116.64 Rnd: 2113,K4DAVRA,Gentle Mates,"jett, reyna, raze",1.12,239.39,1.2,71.62,149.9,0.85,0.21,0.15,0.13,27.51,14.5,31.73,807.39,670.16,186.9,146.27,116.64,2113
Player Alfajer from team FNATIC has the following stats: R2.0: 1.16 ACS: 230.24 K:D: 1.25 KAST: 74.17 ADR: 153.29 KPR: 0.82 APR: 0.19 FKPR: 0.12 FDPR: 0.1 HS%: 29.15 CL%: 16.01 KMax: 31.09 K: 1299.42 D: 1050.35 A: 304.2 FK: 191.29 FD: 153.11 Rnd: 4576,Alfajer,FNATIC,"killjoy, raze, cypher",1.16,230.24,1.25,74.17,153.29,0.82,0.19,0.12,0.1,29.15,16.01,31.09,1299.42,1050.35,304.2,191.29,153.11,4576
Player TenZ from team Sentinels has the following stats: R2.0: 1.13 ACS: 237.46 K:D: 1.18 KAST: 72.59 ADR: 149.5 KPR: 0.83 APR: 0.29 FKPR: 0.16 FDPR: 0.13 HS%: 22.2 CL%: 15.73 KMax: 33.19 K: 1447.35 D: 1199.85 A: 498.17 FK: 283.14 FD: 218.01 Rnd: 5718,TenZ,Sentinels,"jett, omen, reyna",1.13,237.46,1.18,72.59,149.5,0.83,0.29,0.16,0.13,22.2,15.73,33.19,1447.35,1199.85,498.17,283.14,218.01,5718
Player keznit from team KRÜ Esports has the following stats: R2.0: 1.12 ACS: 254.69 K:D: 1.19 KAST: 71.27 ADR: 164.79 KPR: 0.87 APR: 0.25 FKPR: 0.18 FDPR: 0.15 HS%: 22.99 CL%: 16.55 KMax: 32.23 K: 1026.37 D: 860.47 A: 293.18 FK: 208.66 FD: 166.05 Rnd: 4588,keznit,KRÜ Esports,"jett, raze, reyna",1.12,254.69,1.19,71.27,164.79,0.87,0.25,0.18,0.15,22.99,16.55,32.23,1026.37,860.47,293.18,208.66,166.05,4588
Player pANcada from team LOUD has the following stats: R2.0: 1.05 ACS: 190.39 K:D: 1.08 KAST: 73.9 ADR: 126.57 KPR: 0.68 APR: 0.3 FKPR: 0.06 FDPR: 0.07 HS%: 30.71 CL%: 16.44 KMax: 23.84 K: 653.68 D: 579.86 A: 302.49 FK: 61.24 FD: 56.76 Rnd: 2714,pANcada,LOUD,"omen, astra, sage",1.05,190.39,1.08,73.9,126.57,0.68,0.3,0.06,0.07,30.71,16.44,23.84,653.68,579.86,302.49,61.24,56.76,2714
Player Meiy from team DetonatioN FocusMe has the following stats: R2.0: 1.08 ACS: 231.83 K:D: 1.12 KAST: 72.72 ADR: 146.84 KPR: 0.82 APR: 0.21 FKPR: 0.15 FDPR: 0.12 HS%: 22.78 CL%: 16.37 KMax: 33.27 K: 684.33 D: 605.99 A: 178.55 FK: 125.27 FD: 97.15 Rnd: 2383,Meiy,DetonatioN FocusMe,"jett, raze, skye",1.08,231.83,1.12,72.72,146.84,0.82,0.21,0.15,0.12,22.78,16.37,33.27,684.33,605.99,178.55,125.27,97.15,2383
Player grubinho from team KOI has the following stats: R2.0: 1.04 ACS: 195.37 K:D: 1.02 KAST: 72.95 ADR: 124.54 KPR: 0.68 APR: 0.35 FKPR: 0.08 FDPR: 0.08 HS%: 30.72 CL%: 14.46 KMax: 25.36 K: 442.63 D: 428.12 A: 223.98 FK: 50.62 FD: 51.21 Rnd: 1254,grubinho,KOI,"sova, omen, astra",1.04,195.37,1.02,72.95,124.54,0.68,0.35,0.08,0.08,30.72,14.46,25.36,442.63,428.12,223.98,50.62,51.21,1254
Player RieNs from team Team Heretics has the following stats: R2.0: 1.04 ACS: 197.7 K:D: 1.04 KAST: 74.64 ADR: 132.74 KPR: 0.7 APR: 0.34 FKPR: 0.08 FDPR: 0.07 HS%: 35.37 CL%: 17.63 KMax: 28.19 K: 1396.35 D: 1314.26 A: 681.25 FK: 150.37 FD: 132.13 Rnd: 3247,RieNs,Team Heretics,"sova, breach, skye",1.04,197.7,1.04,74.64,132.74,0.7,0.34,0.08,0.07,35.37,17.63,28.19,1396.35,1314.26,681.25,150.37,132.13,3247
Player Elite from team BBL Esports has the following stats: R2.0: 1.08 ACS: 199.8 K:D: 1.13 KAST: 70.0 ADR: 133.7 KPR: 0.73 APR: 0.19 FKPR: 0.08 FDPR: 0.06 HS%: 43.0 CL%: 14.0 KMax: 23.0 K: 367.0 D: 324.0 A: 96.0 FK: 39.0 FD: 32.0 Rnd: 501,Elite,BBL Esports,"killjoy, cypher, viper",1.08,199.8,1.13,70.0,133.7,0.73,0.19,0.08,0.06,43.0,14.0,23.0,367.0,324.0,96.0,39.0,32.0,501
Player cNed from team FUT Esports has the following stats: R2.0: 1.15 ACS: 245.02 K:D: 1.24 KAST: 71.95 ADR: 155.73 KPR: 0.87 APR: 0.17 FKPR: 0.17 FDPR: 0.13 HS%: 25.37 CL%: 9.56 KMax: 29.58 K: 1245.92 D: 968.82 A: 229.83 FK: 249.09 FD: 178.64 Rnd: 4941,cNed,FUT Esports,"jett, raze, sage",1.15,245.02,1.24,71.95,155.73,0.87,0.17,0.17,0.13,25.37,9.56,29.58,1245.92,968.82,229.83,249.09,178.64,4941
Player d4v41 from team Paper Rex has the following stats: R2.0: 1.11 ACS: 210.47 K:D: 1.14 KAST: 75.77 ADR: 137.06 KPR: 0.74 APR: 0.33 FKPR: 0.08 FDPR: 0.06 HS%: 27.53 CL%: 14.52 KMax: 28.43 K: 1347.97 D: 1174.22 A: 565.82 FK: 158.52 FD: 121.07 Rnd: 6949,d4v41,Paper Rex,"skye, jett, sage",1.11,210.47,1.14,75.77,137.06,0.74,0.33,0.08,0.06,27.53,14.52,28.43,1347.97,1174.22,565.82,158.52,121.07,6949
Player something from team Paper Rex has the following stats: R2.0: 1.12 ACS: 225.73 K:D: 1.18 KAST: 73.35 ADR: 143.57 KPR: 0.81 APR: 0.22 FKPR: 0.17 FDPR: 0.13 HS%: 24.45 CL%: 14.12 KMax: 28.21 K: 1065.06 D: 932.08 A: 302.59 FK: 233.07 FD: 171.36 Rnd: 2784,something,Paper Rex,"jett, reyna, gekko",1.12,225.73,1.18,73.35,143.57,0.81,0.22,0.17,0.13,24.45,14.12,28.21,1065.06,932.08,302.59,233.07,171.36,2784
Player yetujey from team FUT Esports has the following stats: R2.0: 1.07 ACS: 201.3 K:D: 1.1 KAST: 71.0 ADR: 132.6 KPR: 0.71 APR: 0.23 FKPR: 0.1 FDPR: 0.09 HS%: 26.0 CL%: 16.0 KMax: 30.0 K: 870.0 D: 794.0 A: 280.0 FK: 125.0 FD: 114.0 Rnd: 1219,yetujey,FUT Esports,"killjoy, cypher, chamber",1.07,201.3,1.1,71.0,132.6,0.71,0.23,0.1,0.09,26.0,16.0,30.0,870.0,794.0,280.0,125.0,114.0,1219
Player Derke from team FNATIC has the following stats: R2.0: 1.12 ACS: 248.35 K:D: 1.2 KAST: 70.8 ADR: 157.01 KPR: 0.86 APR: 0.19 FKPR: 0.21 FDPR: 0.17 HS%: 25.72 CL%: 18.83 KMax: 35.58 K: 1481.61 D: 1234.51 A: 330.03 FK: 353.96 FD: 294.4 Rnd: 6508,Derke,FNATIC,"jett, raze, chamber",1.12,248.35,1.2,70.8,157.01,0.86,0.19,0.21,0.17,25.72,18.83,35.58,1481.61,1234.51,330.03,353.96,294.4,6508
Player nataNk from team Gentle Mates has the following stats: R2.0: 1.02 ACS: 217.95 K:D: 0.97 KAST: 70.73 ADR: 144.58 KPR: 0.74 APR: 0.27 FKPR: 0.13 FDPR: 0.13 HS%: 23.44 CL%: 26.55 KMax: 24.27 K: 358.56 D: 356.86 A: 121.28 FK: 63.85 FD: 64.71 Rnd: 890,nataNk,Gentle Mates,"kayo, breach, sova",1.02,217.95,0.97,70.73,144.58,0.74,0.27,0.13,0.13,23.44,26.55,24.27,358.56,356.86,121.28,63.85,64.71,890
Player sheydos from team KOI has the following stats: R2.0: 1.12 ACS: 209.37 K:D: 1.21 KAST: 74.74 ADR: 136.69 KPR: 0.76 APR: 0.24 FKPR: 0.08 FDPR: 0.05 HS%: 27.41 CL%: 14.89 KMax: 31.32 K: 1076.58 D: 871.12 A: 325.35 FK: 121.56 FD: 82.82 Rnd: 4451,sheydos,KOI,"sage, raze, skye",1.12,209.37,1.21,74.74,136.69,0.76,0.24,0.08,0.05,27.41,14.89,31.32,1076.58,871.12,325.35,121.56,82.82,4451
Player bang from team 100 Thieves has the following stats: R2.0: 1.04 ACS: 203.45 K:D: 1.06 KAST: 73.11 ADR: 131.28 KPR: 0.72 APR: 0.32 FKPR: 0.09 FDPR: 0.09 HS%: 32.81 CL%: 18.43 KMax: 31.31 K: 1035.31 D: 969.0 A: 470.31 FK: 129.62 FD: 128.89 Rnd: 4774,bang,100 Thieves,"omen, viper, skye",1.04,203.45,1.06,73.11,131.28,0.72,0.32,0.09,0.09,32.81,18.43,31.31,1035.31,969.0,470.31,129.62,128.89,4774
Player Rossy from team T1 has the following stats: R2.0: 0.99 ACS: 191.38 K:D: 0.96 KAST: 72.12 ADR: 124.76 KPR: 0.66 APR: 0.33 FKPR: 0.06 FDPR: 0.07 HS%: 24.55 CL%: 17.54 KMax: 26.09 K: 574.8 D: 594.69 A: 286.39 FK: 54.51 FD: 60.94 Rnd: 2448,Rossy,T1,"viper, astra, breach",0.99,191.38,0.96,72.12,124.76,0.66,0.33,0.06,0.07,24.55,17.54,26.09,574.8,594.69,286.39,54.51,60.94,2448
Player Jremy from team Team Secret has the following stats: R2.0: 1.01 ACS: 220.69 K:D: 1.03 KAST: 71.08 ADR: 143.54 KPR: 0.75 APR: 0.23 FKPR: 0.16 FDPR: 0.15 HS%: 21.59 CL%: 15.54 KMax: 25.89 K: 548.73 D: 528.46 A: 164.84 FK: 121.0 FD: 111.44 Rnd: 2607,Jremy,Team Secret,"raze, jett, chamber",1.01,220.69,1.03,71.08,143.54,0.75,0.23,0.16,0.15,21.59,15.54,25.89,548.73,528.46,164.84,121.0,111.44,2607
Player Flashback from team DRX has the following stats: R2.0: 1.07 ACS: 213.1 K:D: 1.12 KAST: 71.0 ADR: 139.4 KPR: 0.76 APR: 0.23 FKPR: 0.1 FDPR: 0.08 HS%: 30.0 CL%: 19.0 KMax: 27.0 K: 734.0 D: 656.0 A: 223.0 FK: 96.0 FD: 75.0 Rnd: 961,Flashback,DRX,"cypher, killjoy, viper",1.07,213.1,1.12,71.0,139.4,0.76,0.23,0.1,0.08,30.0,19.0,27.0,734.0,656.0,223.0,96.0,75.0,961
Player Wo0t from team Team Heretics has the following stats: R2.0: 1.06 ACS: 217.0 K:D: 1.08 KAST: 75.0 ADR: 140.7 KPR: 0.75 APR: 0.32 FKPR: 0.13 FDPR: 0.11 HS%: 35.0 CL%: 16.0 KMax: 37.0 K: 1399.0 D: 1296.0 A: 597.0 FK: 252.0 FD: 199.0 Rnd: 1869,Wo0t,Team Heretics,"jett, viper, omen",1.06,217.0,1.08,75.0,140.7,0.75,0.32,0.13,0.11,35.0,16.0,37.0,1399.0,1296.0,597.0,252.0,199.0,1869
Player heat from team KRÜ Esports has the following stats: R2.0: 1.11 ACS: 224.67 K:D: 1.17 KAST: 70.54 ADR: 144.79 KPR: 0.82 APR: 0.19 FKPR: 0.14 FDPR: 0.13 HS%: 30.79 CL%: 12.38 KMax: 33.88 K: 917.5 D: 768.34 A: 204.22 FK: 152.09 FD: 132.59 Rnd: 3811,heat,KRÜ Esports,"jett, chamber, kayo",1.11,224.67,1.17,70.54,144.79,0.82,0.19,0.14,0.13,30.79,12.38,33.88,917.5,768.34,204.22,152.09,132.59,3811
Player marteen from team Karmine Corp has the following stats: R2.0: 1.06 ACS: 222.9 K:D: 1.09 KAST: 73.0 ADR: 147.5 KPR: 0.78 APR: 0.22 FKPR: 0.17 FDPR: 0.15 HS%: 26.0 CL%: 23.0 KMax: 31.0 K: 887.0 D: 812.0 A: 245.0 FK: 195.0 FD: 169.0 Rnd: 1137,marteen,Karmine Corp,"jett, raze, yoru",1.06,222.9,1.09,73.0,147.5,0.78,0.22,0.17,0.15,26.0,23.0,31.0,887.0,812.0,245.0,195.0,169.0,1137
Player f0rsakeN from team Paper Rex has the following stats: R2.0: 1.11 ACS: 241.32 K:D: 1.16 KAST: 73.28 ADR: 152.88 KPR: 0.84 APR: 0.26 FKPR: 0.16 FDPR: 0.14 HS%: 27.26 CL%: 15.37 KMax: 31.92 K: 1522.42 D: 1292.83 A: 462.69 FK: 295.65 FD: 249.65 Rnd: 6949,f0rsakeN,Paper Rex,"jett, raze, kayo",1.11,241.32,1.16,73.28,152.88,0.84,0.26,0.16,0.14,27.26,15.37,31.92,1522.42,1292.83,462.69,295.65,249.65,6949
Player JitBoyS from team Talon Esports has the following stats: R2.0: 1.02 ACS: 197.94 K:D: 1.02 KAST: 71.47 ADR: 130.49 KPR: 0.71 APR: 0.25 FKPR: 0.09 FDPR: 0.08 HS%: 31.97 CL%: 15.26 KMax: 26.46 K: 506.29 D: 491.11 A: 171.45 FK: 62.33 FD: 58.5 Rnd: 2393,JitBoyS,Talon Esports,"killjoy, omen, chamber",1.02,197.94,1.02,71.47,130.49,0.71,0.25,0.09,0.08,31.97,15.26,26.46,506.29,491.11,171.45,62.33,58.5,2393
Player nzr from team FURIA has the following stats: R2.0: 1.11 ACS: 206.43 K:D: 1.15 KAST: 76.37 ADR: 136.12 KPR: 0.72 APR: 0.32 FKPR: 0.05 FDPR: 0.05 HS%: 20.06 CL%: 13.63 KMax: 30.32 K: 785.33 D: 667.47 A: 344.38 FK: 62.27 FD: 53.93 Rnd: 3686,nzr,FURIA,"sova, skye, raze",1.11,206.43,1.15,76.37,136.12,0.72,0.32,0.05,0.05,20.06,13.63,30.32,785.33,667.47,344.38,62.27,53.93,3686
Player leaf from team G2 Esports has the following stats: R2.0: 1.08 ACS: 237.51 K:D: 1.1 KAST: 70.63 ADR: 153.98 KPR: 0.82 APR: 0.23 FKPR: 0.17 FDPR: 0.16 HS%: 22.68 CL%: 20.7 KMax: 29.17 K: 1142.12 D: 1046.83 A: 324.29 FK: 237.1 FD: 222.47 Rnd: 5181,leaf,G2 Esports,"jett, raze, killjoy",1.08,237.51,1.1,70.63,153.98,0.82,0.23,0.17,0.16,22.68,20.7,29.17,1142.12,1046.83,324.29,237.1,222.47,5181
Player Munchkin from team Gen.G has the following stats: R2.0: 1.05 ACS: 208.06 K:D: 1.05 KAST: 72.02 ADR: 135.94 KPR: 0.71 APR: 0.33 FKPR: 0.11 FDPR: 0.11 HS%: 22.26 CL%: 14.77 KMax: 30.54 K: 1126.27 D: 1092.74 A: 634.14 FK: 151.83 FD: 174.36 Rnd: 4928,Munchkin,Gen.G,"viper, killjoy, kayo",1.05,208.06,1.05,72.02,135.94,0.71,0.33,0.11,0.11,22.26,14.77,30.54,1126.27,1092.74,634.14,151.83,174.36,4928
Player Shyy from team KRÜ Esports has the following stats: R2.0: 1.05 ACS: 197.73 K:D: 1.06 KAST: 71.75 ADR: 133.18 KPR: 0.7 APR: 0.28 FKPR: 0.07 FDPR: 0.07 HS%: 25.47 CL%: 16.23 KMax: 28.89 K: 682.1 D: 641.24 A: 260.68 FK: 72.17 FD: 68.87 Rnd: 2842,Shyy,KRÜ Esports,"killjoy, cypher, skye",1.05,197.73,1.06,71.75,133.18,0.7,0.28,0.07,0.07,25.47,16.23,28.89,682.1,641.24,260.68,72.17,68.87,2842
Player Derrek from team Evil Geniuses has the following stats: R2.0: 1.07 ACS: 198.94 K:D: 1.04 KAST: 73.7 ADR: 133.64 KPR: 0.69 APR: 0.31 FKPR: 0.07 FDPR: 0.05 HS%: 31.02 CL%: 12.61 KMax: 26.73 K: 1041.67 D: 976.62 A: 446.37 FK: 104.01 FD: 77.67 Rnd: 4505,Derrek,Evil Geniuses,"sova, breach, fade",1.07,198.94,1.04,73.7,133.64,0.69,0.31,0.07,0.05,31.02,12.61,26.73,1041.67,976.62,446.37,104.01,77.67,4505
Player Autumn from team FunPlus Phoenix has the following stats: R2.0: 1.08 ACS: 225.56 K:D: 1.17 KAST: 71.48 ADR: 140.71 KPR: 0.8 APR: 0.21 FKPR: 0.16 FDPR: 0.1 HS%: 24.99 CL%: 18.82 KMax: 29.39 K: 945.33 D: 810.57 A: 260.64 FK: 150.18 FD: 96.85 Rnd: 3118,Autumn,FunPlus Phoenix,"jett, raze, chamber",1.08,225.56,1.17,71.48,140.71,0.8,0.21,0.16,0.1,24.99,18.82,29.39,945.33,810.57,260.64,150.18,96.85,3118
Player BuZz from team DRX has the following stats: R2.0: 1.08 ACS: 233.87 K:D: 1.15 KAST: 71.56 ADR: 148.21 KPR: 0.81 APR: 0.18 FKPR: 0.17 FDPR: 0.15 HS%: 23.19 CL%: 16.95 KMax: 33.92 K: 1084.84 D: 942.26 A: 256.8 FK: 224.29 FD: 192.97 Rnd: 5245,BuZz,DRX,"jett, raze, chamber",1.08,233.87,1.15,71.56,148.21,0.81,0.18,0.17,0.15,23.19,16.95,33.92,1084.84,942.26,256.8,224.29,192.97,5245
Player benjyfishy from team Team Heretics has the following stats: R2.0: 1.05 ACS: 198.1 K:D: 1.12 KAST: 71.0 ADR: 132.6 KPR: 0.74 APR: 0.19 FKPR: 0.09 FDPR: 0.09 HS%: 35.0 CL%: 17.0 KMax: 30.0 K: 1745.0 D: 1563.0 A: 440.0 FK: 208.0 FD: 206.0 Rnd: 2367,benjyfishy,Team Heretics,"killjoy, cypher, jett",1.05,198.1,1.12,71.0,132.6,0.74,0.19,0.09,0.09,35.0,17.0,30.0,1745.0,1563.0,440.0,208.0,206.0,2367
Player hiro from team FNATIC has the following stats: R2.0: 1.05 ACS: 190.6 K:D: 1.1 KAST: 72.0 ADR: 123.5 KPR: 0.69 APR: 0.31 FKPR: 0.07 FDPR: 0.09 HS%: 29.0 CL%: 23.0 KMax: 30.0 K: 506.0 D: 459.0 A: 230.0 FK: 53.0 FD: 63.0 Rnd: 732,hiro,FNATIC,"raze, jett, cypher",1.05,190.6,1.1,72.0,123.5,0.69,0.31,0.07,0.09,29.0,23.0,30.0,506.0,459.0,230.0,53.0,63.0,732
Player OXY from team Cloud9 has the following stats: R2.0: 1.05 ACS: 249.8 K:D: 1.07 KAST: 70.0 ADR: 162.3 KPR: 0.87 APR: 0.19 FKPR: 0.22 FDPR: 0.18 HS%: 29.0 CL%: 15.0 KMax: 35.0 K: 665.0 D: 624.0 A: 144.0 FK: 166.0 FD: 140.0 Rnd: 762,OXY,Cloud9,"jett, raze, chamber",1.05,249.8,1.07,70.0,162.3,0.87,0.19,0.22,0.18,29.0,15.0,35.0,665.0,624.0,144.0,166.0,140.0,762
Player ardiis from team Natus Vincere has the following stats: R2.0: 1.04 ACS: 219.72 K:D: 1.09 KAST: 71.74 ADR: 143.0 KPR: 0.76 APR: 0.26 FKPR: 0.15 FDPR: 0.11 HS%: 20.48 CL%: 13.92 KMax: 30.35 K: 1195.09 D: 1072.96 A: 369.71 FK: 242.3 FD: 176.92 Rnd: 4919,ardiis,Natus Vincere,"sova, jett, chamber",1.04,219.72,1.09,71.74,143.0,0.76,0.26,0.15,0.11,20.48,13.92,30.35,1195.09,1072.96,369.71,242.3,176.92,4919
Player Meteor from team Gen.G has the following stats: R2.0: 1.06 ACS: 231.18 K:D: 1.13 KAST: 70.43 ADR: 149.27 KPR: 0.82 APR: 0.17 FKPR: 0.16 FDPR: 0.12 HS%: 27.09 CL%: 12.33 KMax: 30.58 K: 1343.28 D: 1178.86 A: 276.52 FK: 229.36 FD: 174.92 Rnd: 4410,Meteor,Gen.G,"jett, killjoy, cypher",1.06,231.18,1.13,70.43,149.27,0.82,0.17,0.16,0.12,27.09,12.33,30.58,1343.28,1178.86,276.52,229.36,174.92,4410
Player purp0 from team GIANTX has the following stats: R2.0: 1.16 ACS: 237.37 K:D: 1.18 KAST: 72.08 ADR: 148.71 KPR: 0.83 APR: 0.15 FKPR: 0.21 FDPR: 0.13 HS%: 33.49 CL%: 12.16 KMax: 29.57 K: 424.28 D: 359.43 A: 76.95 FK: 105.24 FD: 67.87 Rnd: 1015,purp0,GIANTX,"jett, cypher, raze",1.16,237.37,1.18,72.08,148.71,0.83,0.15,0.21,0.13,33.49,12.16,29.57,424.28,359.43,76.95,105.24,67.87,1015
Player Sayaplayer from team T1 has the following stats: R2.0: 1.07 ACS: 225.48 K:D: 1.15 KAST: 70.9 ADR: 146.98 KPR: 0.8 APR: 0.15 FKPR: 0.18 FDPR: 0.15 HS%: 26.27 CL%: 15.68 KMax: 30.27 K: 871.22 D: 760.88 A: 163.52 FK: 191.86 FD: 157.75 Rnd: 3944,Sayaplayer,T1,"jett, raze, omen",1.07,225.48,1.15,70.9,146.98,0.8,0.15,0.18,0.15,26.27,15.68,30.27,871.22,760.88,163.52,191.86,157.75,3944
Player valyn from team G2 Esports has the following stats: R2.0: 1.02 ACS: 196.6 K:D: 1.0 KAST: 74.47 ADR: 125.7 KPR: 0.7 APR: 0.34 FKPR: 0.08 FDPR: 0.07 HS%: 23.64 CL%: 14.79 KMax: 27.23 K: 1023.27 D: 1013.25 A: 514.55 FK: 119.45 FD: 109.88 Rnd: 3437,valyn,G2 Esports,"astra, omen, viper",1.02,196.6,1.0,74.47,125.7,0.7,0.34,0.08,0.07,23.64,14.79,27.23,1023.27,1013.25,514.55,119.45,109.88,3437
Player LuoK1ng from team Trace Esports has the following stats: R2.0: 1.11 ACS: 187.57 K:D: 0.94 KAST: 75.96 ADR: 131.14 KPR: 0.67 APR: 0.36 FKPR: 0.06 FDPR: 0.06 HS%: 31.32 CL%: 4.76 KMax: 26.16 K: 465.41 D: 496.77 A: 244.34 FK: 24.16 FD: 22.88 Rnd: 1172,LuoK1ng,Trace Esports,"astra, omen, brimstone",1.11,187.57,0.94,75.96,131.14,0.67,0.36,0.06,0.06,31.32,4.76,26.16,465.41,496.77,244.34,24.16,22.88,1172
Player MaKo from team DRX has the following stats: R2.0: 1.14 ACS: 212.08 K:D: 1.15 KAST: 76.51 ADR: 137.46 KPR: 0.73 APR: 0.42 FKPR: 0.08 FDPR: 0.08 HS%: 26.77 CL%: 16.31 KMax: 25.55 K: 970.02 D: 846.22 A: 579.15 FK: 110.02 FD: 99.06 Rnd: 5063,MaKo,DRX,"viper, omen, jett",1.14,212.08,1.15,76.51,137.46,0.73,0.42,0.08,0.08,26.77,16.31,25.55,970.02,846.22,579.15,110.02,99.06,5063
Player Shao from team Natus Vincere has the following stats: R2.0: 1.17 ACS: 208.01 K:D: 1.2 KAST: 76.15 ADR: 137.89 KPR: 0.74 APR: 0.34 FKPR: 0.08 FDPR: 0.06 HS%: 30.15 CL%: 18.77 KMax: 32.7 K: 1189.77 D: 988.37 A: 542.79 FK: 117.16 FD: 88.81 Rnd: 5410,Shao,Natus Vincere,"sova, fade, sage",1.17,208.01,1.2,76.15,137.89,0.74,0.34,0.08,0.06,30.15,18.77,32.7,1189.77,988.37,542.79,117.16,88.81,5410
Player MrFaliN from team FUT Esports has the following stats: R2.0: 1.05 ACS: 198.7 K:D: 1.0 KAST: 73.16 ADR: 131.85 KPR: 0.69 APR: 0.39 FKPR: 0.08 FDPR: 0.09 HS%: 22.19 CL%: 16.73 KMax: 28.14 K: 614.99 D: 633.4 A: 365.7 FK: 69.91 FD: 81.22 Rnd: 2993,MrFaliN,FUT Esports,"sova, omen, breach",1.05,198.7,1.0,73.16,131.85,0.69,0.39,0.08,0.09,22.19,16.73,28.14,614.99,633.4,365.7,69.91,81.22,2993
Player Jinggg from team Paper Rex has the following stats: R2.0: 1.06 ACS: 242.61 K:D: 1.13 KAST: 72.14 ADR: 156.33 KPR: 0.83 APR: 0.25 FKPR: 0.15 FDPR: 0.12 HS%: 18.7 CL%: 15.0 KMax: 30.02 K: 1196.36 D: 1056.74 A: 367.63 FK: 214.73 FD: 174.69 Rnd: 5487,Jinggg,Paper Rex,"raze, reyna, sage",1.06,242.61,1.13,72.14,156.33,0.83,0.25,0.15,0.12,18.7,15.0,30.02,1196.36,1056.74,367.63,214.73,174.69,5487
Player neT from team M80 has the following stats: R2.0: 0.95 ACS: 192.29 K:D: 0.97 KAST: 69.0 ADR: 127.03 KPR: 0.68 APR: 0.18 FKPR: 0.1 FDPR: 0.09 HS%: 31.35 CL%: 12.8 KMax: 24.15 K: 823.91 D: 854.85 A: 215.98 FK: 124.54 FD: 121.93 Rnd: 1652,neT,M80,"killjoy, cypher, viper",0.95,192.29,0.97,69.0,127.03,0.68,0.18,0.1,0.09,31.35,12.8,24.15,823.91,854.85,215.98,124.54,121.93,1652
Player johnqt from team Sentinels has the following stats: R2.0: 1.03 ACS: 185.91 K:D: 1.06 KAST: 74.78 ADR: 123.17 KPR: 0.66 APR: 0.26 FKPR: 0.07 FDPR: 0.06 HS%: 26.0 CL%: 16.78 KMax: 26.97 K: 945.37 D: 888.53 A: 372.01 FK: 105.86 FD: 90.71 Rnd: 2782,johnqt,Sentinels,"chamber, killjoy, cypher",1.03,185.91,1.06,74.78,123.17,0.66,0.26,0.07,0.06,26.0,16.78,26.97,945.37,888.53,372.01,105.86,90.71,2782
Player trent from team G2 Esports has the following stats: R2.0: 1.07 ACS: 202.18 K:D: 1.04 KAST: 73.35 ADR: 135.23 KPR: 0.7 APR: 0.31 FKPR: 0.08 FDPR: 0.08 HS%: 28.79 CL%: 17.1 KMax: 28.55 K: 1096.68 D: 1064.34 A: 489.56 FK: 123.51 FD: 126.55 Rnd: 3131,trent,G2 Esports,"sova, viper, fade",1.07,202.18,1.04,73.35,135.23,0.7,0.31,0.08,0.08,28.79,17.1,28.55,1096.68,1064.34,489.56,123.51,126.55,3131
Player Ethan from team NRG Esports has the following stats: R2.0: 1.05 ACS: 204.05 K:D: 1.03 KAST: 74.39 ADR: 130.54 KPR: 0.7 APR: 0.38 FKPR: 0.08 FDPR: 0.08 HS%: 21.85 CL%: 19.14 KMax: 26.27 K: 1079.45 D: 1038.83 A: 553.13 FK: 132.31 FD: 126.3 Rnd: 5233,Ethan,NRG Esports,"skye, kayo, sage",1.05,204.05,1.03,74.39,130.54,0.7,0.38,0.08,0.08,21.85,19.14,26.27,1079.45,1038.83,553.13,132.31,126.3,5233
Player tuyz from team LOUD has the following stats: R2.0: 1.0 ACS: 187.3 K:D: 0.99 KAST: 72.55 ADR: 121.41 KPR: 0.67 APR: 0.33 FKPR: 0.1 FDPR: 0.09 HS%: 28.27 CL%: 12.73 KMax: 25.54 K: 713.82 D: 727.68 A: 388.31 FK: 96.79 FD: 93.85 Rnd: 3935,tuyz,LOUD,"jett, raze, omen",1.0,187.3,0.99,72.55,121.41,0.67,0.33,0.1,0.09,28.27,12.73,25.54,713.82,727.68,388.31,96.79,93.85,3935
Player xffero from team Rex Regum Qeon has the following stats: R2.0: 1.04 ACS: 202.86 K:D: 1.06 KAST: 74.32 ADR: 131.56 KPR: 0.72 APR: 0.31 FKPR: 0.07 FDPR: 0.07 HS%: 24.99 CL%: 17.38 KMax: 31.28 K: 986.69 D: 925.29 A: 432.08 FK: 92.23 FD: 93.16 Rnd: 4388,xffero,Rex Regum Qeon,"astra, viper, breach",1.04,202.86,1.06,74.32,131.56,0.72,0.31,0.07,0.07,24.99,17.38,31.28,986.69,925.29,432.08,92.23,93.16,4388
Player Cloud from team GIANTX has the following stats: R2.0: 1.11 ACS: 226.31 K:D: 1.11 KAST: 74.29 ADR: 148.36 KPR: 0.79 APR: 0.3 FKPR: 0.11 FDPR: 0.1 HS%: 28.51 CL%: 15.84 KMax: 30.73 K: 852.77 D: 757.05 A: 317.19 FK: 124.99 FD: 107.73 Rnd: 3900,Cloud,GIANTX,"sova, skye, raze",1.11,226.31,1.11,74.29,148.36,0.79,0.3,0.11,0.1,28.51,15.84,30.73,852.77,757.05,317.19,124.99,107.73,3900
Player blaZek1ng from team Global Esports has the following stats: R2.0: 1.05 ACS: 206.32 K:D: 1.07 KAST: 72.08 ADR: 134.31 KPR: 0.71 APR: 0.3 FKPR: 0.09 FDPR: 0.09 HS%: 26.98 CL%: 14.74 KMax: 28.3 K: 1166.5 D: 1078.89 A: 505.32 FK: 154.64 FD: 148.27 Rnd: 4102,blaZek1ng,Global Esports,"sova, viper, omen",1.05,206.32,1.07,72.08,134.31,0.71,0.3,0.09,0.09,26.98,14.74,28.3,1166.5,1078.89,505.32,154.64,148.27,4102
Player stax from team T1 has the following stats: R2.0: 1.03 ACS: 188.2 K:D: 1.05 KAST: 73.21 ADR: 121.31 KPR: 0.68 APR: 0.39 FKPR: 0.05 FDPR: 0.07 HS%: 31.86 CL%: 16.5 KMax: 26.72 K: 880.4 D: 845.91 A: 494.36 FK: 66.23 FD: 83.58 Rnd: 4860,stax,T1,"breach, skye, kayo",1.03,188.2,1.05,73.21,121.31,0.68,0.39,0.05,0.07,31.86,16.5,26.72,880.4,845.91,494.36,66.23,83.58,4860
Player Laz from team ZETA DIVISION has the following stats: R2.0: 1.11 ACS: 220.93 K:D: 1.15 KAST: 70.18 ADR: 141.77 KPR: 0.78 APR: 0.23 FKPR: 0.13 FDPR: 0.1 HS%: 28.37 CL%: 14.09 KMax: 28.0 K: 752.28 D: 643.89 A: 218.41 FK: 129.51 FD: 100.57 Rnd: 3597,Laz,ZETA DIVISION,"cypher, chamber, killjoy",1.11,220.93,1.15,70.18,141.77,0.78,0.23,0.13,0.1,28.37,14.09,28.0,752.28,643.89,218.41,129.51,100.57,3597
Player BORKUM from team Team Secret has the following stats: R2.0: 1.05 ACS: 196.95 K:D: 1.03 KAST: 72.28 ADR: 127.58 KPR: 0.69 APR: 0.35 FKPR: 0.08 FDPR: 0.08 HS%: 20.74 CL%: 22.16 KMax: 30.25 K: 799.24 D: 766.75 A: 385.75 FK: 90.44 FD: 95.06 Rnd: 4100,BORKUM,Team Secret,"omen, astra, viper",1.05,196.95,1.03,72.28,127.58,0.69,0.35,0.08,0.08,20.74,22.16,30.25,799.24,766.75,385.75,90.44,95.06,4100
Player nAts from team Team Liquid has the following stats: R2.0: 1.12 ACS: 225.18 K:D: 1.21 KAST: 73.75 ADR: 142.82 KPR: 0.8 APR: 0.26 FKPR: 0.1 FDPR: 0.09 HS%: 29.46 CL%: 15.19 KMax: 31.25 K: 1136.69 D: 916.98 A: 362.86 FK: 137.75 FD: 120.81 Rnd: 4637,nAts,Team Liquid,"cypher, viper, killjoy",1.12,225.18,1.21,73.75,142.82,0.8,0.26,0.1,0.09,29.46,15.19,31.25,1136.69,916.98,362.86,137.75,120.81,4637
Player QutionerX from team BBL Esports has the following stats: R2.0: 1.07 ACS: 230.87 K:D: 1.1 KAST: 70.65 ADR: 151.06 KPR: 0.82 APR: 0.16 FKPR: 0.18 FDPR: 0.14 HS%: 24.65 CL%: 12.6 KMax: 37.82 K: 638.6 D: 576.94 A: 132.51 FK: 136.24 FD: 107.84 Rnd: 1907,QutionerX,BBL Esports,"jett, raze, cypher",1.07,230.87,1.1,70.65,151.06,0.82,0.16,0.18,0.14,24.65,12.6,37.82,638.6,576.94,132.51,136.24,107.84,1907
Player MiniBoo from team Team Heretics has the following stats: R2.0: 1.01 ACS: 221.1 K:D: 1.03 KAST: 71.0 ADR: 144.2 KPR: 0.76 APR: 0.22 FKPR: 0.17 FDPR: 0.17 HS%: 30.0 CL%: 17.0 KMax: 26.0 K: 1434.0 D: 1398.0 A: 410.0 FK: 327.0 FD: 312.0 Rnd: 1875,MiniBoo,Team Heretics,"jett, raze, neon",1.01,221.1,1.03,71.0,144.2,0.76,0.22,0.17,0.17,30.0,17.0,26.0,1434.0,1398.0,410.0,327.0,312.0,1875
Player Mazino from team LEVIATÁN has the following stats: R2.0: 1.02 ACS: 209.87 K:D: 1.04 KAST: 72.82 ADR: 135.07 KPR: 0.73 APR: 0.37 FKPR: 0.09 FDPR: 0.09 HS%: 24.83 CL%: 14.39 KMax: 31.15 K: 1074.97 D: 1028.14 A: 534.82 FK: 128.09 FD: 133.94 Rnd: 5551,Mazino,LEVIATÁN,"sage, harbor, omen",1.02,209.87,1.04,72.82,135.07,0.73,0.37,0.09,0.09,24.83,14.39,31.15,1074.97,1028.14,534.82,128.09,133.94,5551
Player Wild0reoo from team Team Secret has the following stats: R2.0: 0.99 ACS: 213.46 K:D: 0.97 KAST: 70.14 ADR: 140.53 KPR: 0.74 APR: 0.28 FKPR: 0.13 FDPR: 0.12 HS%: 27.98 CL%: 13.84 KMax: 30.02 K: 824.01 D: 845.77 A: 301.29 FK: 148.41 FD: 145.38 Rnd: 1509,Wild0reoo,Team Secret,"viper, raze, skye",0.99,213.46,0.97,70.14,140.53,0.74,0.28,0.13,0.12,27.98,13.84,30.02,824.01,845.77,301.29,148.41,145.38,1509
Player Asuna from team 100 Thieves has the following stats: R2.0: 1.05 ACS: 232.04 K:D: 1.05 KAST: 73.5 ADR: 147.52 KPR: 0.78 APR: 0.32 FKPR: 0.15 FDPR: 0.14 HS%: 20.61 CL%: 16.77 KMax: 34.88 K: 1349.9 D: 1262.48 A: 501.56 FK: 269.66 FD: 253.01 Rnd: 5812,Asuna,100 Thieves,"raze, reyna, kayo",1.05,232.04,1.05,73.5,147.52,0.78,0.32,0.15,0.14,20.61,16.77,34.88,1349.9,1262.48,501.56,269.66,253.01,5812
Player Zellsis from team Sentinels has the following stats: R2.0: 1.05 ACS: 207.2 K:D: 1.05 KAST: 73.47 ADR: 134.06 KPR: 0.71 APR: 0.35 FKPR: 0.09 FDPR: 0.1 HS%: 19.08 CL%: 17.76 KMax: 26.2 K: 969.15 D: 921.64 A: 481.26 FK: 124.7 FD: 140.22 Rnd: 5157,Zellsis,Sentinels,"kayo, killjoy, raze",1.05,207.2,1.05,73.47,134.06,0.71,0.35,0.09,0.1,19.08,17.76,26.2,969.15,921.64,481.26,124.7,140.22,5157
Player supamen from team Evil Geniuses has the following stats: R2.0: 1.03 ACS: 191.94 K:D: 1.02 KAST: 72.12 ADR: 125.83 KPR: 0.68 APR: 0.33 FKPR: 0.06 FDPR: 0.09 HS%: 31.73 CL%: 19.33 KMax: 32.45 K: 893.72 D: 884.6 A: 451.8 FK: 82.85 FD: 111.59 Rnd: 3356,supamen,Evil Geniuses,"omen, astra, viper",1.03,191.94,1.02,72.12,125.83,0.68,0.33,0.06,0.09,31.73,19.33,32.45,893.72,884.6,451.8,82.85,111.59,3356
Player SUYGETSU from team Natus Vincere has the following stats: R2.0: 1.09 ACS: 204.19 K:D: 1.14 KAST: 73.59 ADR: 135.79 KPR: 0.74 APR: 0.21 FKPR: 0.08 FDPR: 0.06 HS%: 31.94 CL%: 13.64 KMax: 32.0 K: 1129.03 D: 978.19 A: 321.34 FK: 114.11 FD: 89.01 Rnd: 5252,SUYGETSU,Natus Vincere,"cypher, viper, killjoy",1.09,204.19,1.14,73.59,135.79,0.74,0.21,0.08,0.06,31.94,13.64,32.0,1129.03,978.19,321.34,114.11,89.01,5252
Player cauanzin from team LOUD has the following stats: R2.0: 1.04 ACS: 207.61 K:D: 1.03 KAST: 73.89 ADR: 133.64 KPR: 0.72 APR: 0.35 FKPR: 0.09 FDPR: 0.08 HS%: 23.64 CL%: 14.57 KMax: 27.25 K: 948.11 D: 918.61 A: 466.86 FK: 120.51 FD: 105.47 Rnd: 3827,cauanzin,LOUD,"sova, skye, breach",1.04,207.61,1.03,73.89,133.64,0.72,0.35,0.09,0.08,23.64,14.57,27.25,948.11,918.61,466.86,120.51,105.47,3827
Player qRaxs from team FUT Esports has the following stats: R2.0: 0.97 ACS: 192.06 K:D: 0.97 KAST: 72.52 ADR: 124.04 KPR: 0.68 APR: 0.35 FKPR: 0.07 FDPR: 0.07 HS%: 29.62 CL%: 13.47 KMax: 29.12 K: 719.39 D: 742.87 A: 363.32 FK: 72.14 FD: 75.17 Rnd: 3776,qRaxs,FUT Esports,"kayo, sage, raze",0.97,192.06,0.97,72.52,124.04,0.68,0.35,0.07,0.07,29.62,13.47,29.12,719.39,742.87,363.32,72.14,75.17,3776
Player SugarZ3ro from team ZETA DIVISION has the following stats: R2.0: 1.03 ACS: 191.91 K:D: 1.02 KAST: 73.5 ADR: 125.71 KPR: 0.69 APR: 0.36 FKPR: 0.05 FDPR: 0.07 HS%: 28.05 CL%: 16.38 KMax: 27.44 K: 618.94 D: 597.13 A: 310.56 FK: 45.34 FD: 60.8 Rnd: 3359,SugarZ3ro,ZETA DIVISION,"astra, omen, viper",1.03,191.91,1.02,73.5,125.71,0.69,0.36,0.05,0.07,28.05,16.38,27.44,618.94,597.13,310.56,45.34,60.8,3359
Player Lmemore from team Rex Regum Qeon has the following stats: R2.0: 1.07 ACS: 217.26 K:D: 1.1 KAST: 72.01 ADR: 141.82 KPR: 0.77 APR: 0.21 FKPR: 0.11 FDPR: 0.1 HS%: 33.86 CL%: 12.97 KMax: 30.62 K: 910.52 D: 808.22 A: 250.26 FK: 135.52 FD: 113.6 Rnd: 3877,Lmemore,Rex Regum Qeon,"sova, cypher, viper",1.07,217.26,1.1,72.01,141.82,0.77,0.21,0.11,0.1,33.86,12.97,30.62,910.52,808.22,250.26,135.52,113.6,3877
Player Keiko from team Team Liquid has the following stats: R2.0: 1.0 ACS: 216.5 K:D: 1.05 KAST: 69.0 ADR: 142.8 KPR: 0.79 APR: 0.17 FKPR: 0.17 FDPR: 0.17 HS%: 31.0 CL%: 16.0 KMax: 30.0 K: 410.0 D: 389.0 A: 89.0 FK: 91.0 FD: 89.0 Rnd: 521,Keiko,Team Liquid,"jett, raze, chamber",1.0,216.5,1.05,69.0,142.8,0.79,0.17,0.17,0.17,31.0,16.0,30.0,410.0,389.0,89.0,91.0,89.0,521
Player JessieVash from team Team Secret has the following stats: R2.0: 1.01 ACS: 193.83 K:D: 0.99 KAST: 72.51 ADR: 130.25 KPR: 0.66 APR: 0.34 FKPR: 0.07 FDPR: 0.07 HS%: 24.88 CL%: 15.24 KMax: 27.3 K: 770.81 D: 770.2 A: 395.51 FK: 79.92 FD: 75.73 Rnd: 4346,JessieVash,Team Secret,"sova, sage, fade",1.01,193.83,0.99,72.51,130.25,0.66,0.34,0.07,0.07,24.88,15.24,27.3,770.81,770.2,395.51,79.92,75.73,4346
Player S1Mon from team EDward Gaming has the following stats: R2.0: 0.99 ACS: 170.2 K:D: 0.94 KAST: 76.0 ADR: 112.6 KPR: 0.6 APR: 0.47 FKPR: 0.06 FDPR: 0.04 HS%: 29.0 CL%: 20.0 KMax: 24.0 K: 445.0 D: 474.0 A: 343.0 FK: 42.0 FD: 31.0 Rnd: 736,S1Mon,EDward Gaming,"breach, kayo, omen",0.99,170.2,0.94,76.0,112.6,0.6,0.47,0.06,0.04,29.0,20.0,24.0,445.0,474.0,343.0,42.0,31.0,736
Player Zyppan from team Natus Vincere has the following stats: R2.0: 1.06 ACS: 221.71 K:D: 1.08 KAST: 72.54 ADR: 145.25 KPR: 0.76 APR: 0.29 FKPR: 0.12 FDPR: 0.11 HS%: 27.96 CL%: 14.98 KMax: 31.03 K: 1236.63 D: 1140.1 A: 458.13 FK: 197.24 FD: 180.75 Rnd: 5410,Zyppan,Natus Vincere,"raze, kayo, sage",1.06,221.71,1.08,72.54,145.25,0.76,0.29,0.12,0.11,27.96,14.98,31.03,1236.63,1140.1,458.13,197.24,180.75,5410
Player logaN from team Gentle Mates has the following stats: R2.0: 1.07 ACS: 207.75 K:D: 1.19 KAST: 72.93 ADR: 137.23 KPR: 0.74 APR: 0.17 FKPR: 0.08 FDPR: 0.07 HS%: 25.43 CL%: 14.68 KMax: 29.68 K: 866.97 D: 711.53 A: 188.79 FK: 90.32 FD: 71.02 Rnd: 1628,logaN,Gentle Mates,"killjoy, sage, viper",1.07,207.75,1.19,72.93,137.23,0.74,0.17,0.08,0.07,25.43,14.68,29.68,866.97,711.53,188.79,90.32,71.02,1628
Player frz from team MIBR has the following stats: R2.0: 1.03 ACS: 201.04 K:D: 1.08 KAST: 72.63 ADR: 130.21 KPR: 0.72 APR: 0.24 FKPR: 0.1 FDPR: 0.1 HS%: 26.6 CL%: 13.01 KMax: 28.48 K: 623.88 D: 563.17 A: 212.68 FK: 84.18 FD: 79.79 Rnd: 2819,frz,MIBR,"sova, killjoy, chamber",1.03,201.04,1.08,72.63,130.21,0.72,0.24,0.1,0.1,26.6,13.01,28.48,623.88,563.17,212.68,84.18,79.79,2819
Player Sacy from team Sentinels has the following stats: R2.0: 1.11 ACS: 207.57 K:D: 1.11 KAST: 75.29 ADR: 136.76 KPR: 0.71 APR: 0.39 FKPR: 0.09 FDPR: 0.07 HS%: 27.18 CL%: 15.31 KMax: 27.63 K: 947.24 D: 860.82 A: 522.15 FK: 112.3 FD: 93.16 Rnd: 4905,Sacy,Sentinels,"sova, skye, fade",1.11,207.57,1.11,75.29,136.76,0.71,0.39,0.09,0.07,27.18,15.31,27.63,947.24,860.82,522.15,112.3,93.16,4905
Player mindfreak from team Paper Rex has the following stats: R2.0: 1.02 ACS: 180.92 K:D: 1.04 KAST: 73.84 ADR: 116.27 KPR: 0.66 APR: 0.32 FKPR: 0.06 FDPR: 0.06 HS%: 28.43 CL%: 17.27 KMax: 27.82 K: 1181.86 D: 1131.7 A: 557.91 FK: 100.07 FD: 116.22 Rnd: 6949,mindfreak,Paper Rex,"omen, astra, viper",1.02,180.92,1.04,73.84,116.27,0.66,0.32,0.06,0.06,28.43,17.27,27.82,1181.86,1131.7,557.91,100.07,116.22,6949
Player iZu from team T1 has the following stats: R2.0: 0.98 ACS: 206.9 K:D: 0.98 KAST: 72.0 ADR: 136.2 KPR: 0.73 APR: 0.3 FKPR: 0.12 FDPR: 0.12 HS%: 26.0 CL%: 18.0 KMax: 27.0 K: 774.0 D: 789.0 A: 323.0 FK: 128.0 FD: 133.0 Rnd: 1065,iZu,T1,"jett, omen, raze",0.98,206.9,0.98,72.0,136.2,0.73,0.3,0.12,0.12,26.0,18.0,27.0,774.0,789.0,323.0,128.0,133.0,1065
Player Kicks from team Team Vitality has the following stats: R2.0: 0.98 ACS: 180.4 K:D: 0.93 KAST: 72.0 ADR: 116.7 KPR: 0.64 APR: 0.4 FKPR: 0.05 FDPR: 0.07 HS%: 22.0 CL%: 21.0 KMax: 26.0 K: 795.0 D: 851.0 A: 500.0 FK: 66.0 FD: 91.0 Rnd: 1238,Kicks,Team Vitality,"skye, kayo, sage",0.98,180.4,0.93,72.0,116.7,0.64,0.4,0.05,0.07,22.0,21.0,26.0,795.0,851.0,500.0,66.0,91.0,1238
Player JonahP from team G2 Esports has the following stats: R2.0: 0.97 ACS: 192.61 K:D: 0.96 KAST: 71.59 ADR: 123.33 KPR: 0.67 APR: 0.34 FKPR: 0.08 FDPR: 0.1 HS%: 25.0 CL%: 13.46 KMax: 27.0 K: 969.78 D: 1023.36 A: 523.64 FK: 118.34 FD: 146.44 Rnd: 3405,JonahP,G2 Esports,"skye, sova, kayo",0.97,192.61,0.96,71.59,123.33,0.67,0.34,0.08,0.1,25.0,13.46,27.0,969.78,1023.36,523.64,118.34,146.44,3405
Player jawgemo from team Evil Geniuses has the following stats: R2.0: 1.03 ACS: 225.43 K:D: 1.03 KAST: 70.88 ADR: 145.41 KPR: 0.76 APR: 0.27 FKPR: 0.14 FDPR: 0.14 HS%: 20.02 CL%: 18.07 KMax: 28.36 K: 1008.83 D: 973.62 A: 375.27 FK: 178.98 FD: 184.32 Rnd: 3904,jawgemo,Evil Geniuses,"raze, jett, omen",1.03,225.43,1.03,70.88,145.41,0.76,0.27,0.14,0.14,20.02,18.07,28.36,1008.83,973.62,375.27,178.98,184.32,3904
Player Demon1 from team NRG Esports has the following stats: R2.0: 1.11 ACS: 222.45 K:D: 1.19 KAST: 71.0 ADR: 150.42 KPR: 0.81 APR: 0.17 FKPR: 0.16 FDPR: 0.12 HS%: 36.55 CL%: 13.87 KMax: 27.1 K: 994.37 D: 811.79 A: 203.83 FK: 179.36 FD: 132.75 Rnd: 1851,Demon1,NRG Esports,"chamber, jett, brimstone",1.11,222.45,1.19,71.0,150.42,0.81,0.17,0.16,0.12,36.55,13.87,27.1,994.37,811.79,203.83,179.36,132.75,1851
Player Boo from team Team Heretics has the following stats: R2.0: 0.99 ACS: 179.35 K:D: 0.96 KAST: 72.06 ADR: 117.21 KPR: 0.64 APR: 0.35 FKPR: 0.08 FDPR: 0.08 HS%: 29.79 CL%: 15.04 KMax: 25.96 K: 1052.85 D: 1093.09 A: 642.67 FK: 131.75 FD: 127.1 Rnd: 4538,Boo,Team Heretics,"omen, astra, viper",0.99,179.35,0.96,72.06,117.21,0.64,0.35,0.08,0.08,29.79,15.04,25.96,1052.85,1093.09,642.67,131.75,127.1,4538
Player Victor from team NRG Esports has the following stats: R2.0: 1.01 ACS: 221.32 K:D: 1.05 KAST: 71.96 ADR: 141.42 KPR: 0.75 APR: 0.28 FKPR: 0.14 FDPR: 0.13 HS%: 22.52 CL%: 18.88 KMax: 29.66 K: 1503.74 D: 1423.57 A: 583.81 FK: 277.29 FD: 259.19 Rnd: 6727,Victor,NRG Esports,"phoenix, raze, kayo",1.01,221.32,1.05,71.96,141.42,0.75,0.28,0.14,0.13,22.52,18.88,29.66,1503.74,1423.57,583.81,277.29,259.19,6727
Player Surf from team Talon Esports has the following stats: R2.0: 1.05 ACS: 224.05 K:D: 1.14 KAST: 70.83 ADR: 142.68 KPR: 0.8 APR: 0.16 FKPR: 0.17 FDPR: 0.14 HS%: 25.58 CL%: 10.8 KMax: 32.11 K: 1394.64 D: 1199.1 A: 251.62 FK: 305.27 FD: 244.31 Rnd: 2356,Surf,Talon Esports,"jett, chamber, killjoy",1.05,224.05,1.14,70.83,142.68,0.8,0.16,0.17,0.14,25.58,10.8,32.11,1394.64,1199.1,251.62,305.27,244.31,2356
Player BeYN from team DRX has the following stats: R2.0: 0.97 ACS: 185.43 K:D: 0.95 KAST: 69.86 ADR: 122.45 KPR: 0.65 APR: 0.29 FKPR: 0.07 FDPR: 0.08 HS%: 25.65 CL%: 22.35 KMax: 27.75 K: 638.55 D: 683.57 A: 305.79 FK: 60.06 FD: 79.83 Rnd: 1364,BeYN,DRX,"jett, sova, raze",0.97,185.43,0.95,69.86,122.45,0.65,0.29,0.07,0.08,25.65,22.35,27.75,638.55,683.57,305.79,60.06,79.83,1364
Player artzin from team MIBR has the following stats: R2.0: 0.97 ACS: 211.5 K:D: 0.96 KAST: 67.0 ADR: 139.2 KPR: 0.73 APR: 0.2 FKPR: 0.13 FDPR: 0.14 HS%: 26.0 CL%: 17.0 KMax: 28.0 K: 512.0 D: 536.0 A: 137.0 FK: 92.0 FD: 95.0 Rnd: 699,artzin,MIBR,"jett, raze, neon",0.97,211.5,0.96,67.0,139.2,0.73,0.2,0.13,0.14,26.0,17.0,28.0,512.0,536.0,137.0,92.0,95.0,699
Player Brave from team BBL Esports has the following stats: R2.0: 0.96 ACS: 203.81 K:D: 0.98 KAST: 71.84 ADR: 131.38 KPR: 0.7 APR: 0.29 FKPR: 0.11 FDPR: 0.09 HS%: 32.16 CL%: 16.29 KMax: 24.03 K: 585.38 D: 587.44 A: 237.79 FK: 95.55 FD: 78.32 Rnd: 2626,Brave,BBL Esports,"omen, raze, sage",0.96,203.81,0.98,71.84,131.38,0.7,0.29,0.11,0.09,32.16,16.29,24.03,585.38,587.44,237.79,95.55,78.32,2626
Player Polvi from team Global Esports has the following stats: R2.0: 1.04 ACS: 227.97 K:D: 1.0 KAST: 68.92 ADR: 144.8 KPR: 0.77 APR: 0.21 FKPR: 0.19 FDPR: 0.17 HS%: 20.91 CL%: 13.2 KMax: 25.16 K: 442.76 D: 435.7 A: 122.59 FK: 107.69 FD: 94.78 Rnd: 1549,Polvi,Global Esports,"jett, raze, sage",1.04,227.97,1.0,68.92,144.8,0.77,0.21,0.19,0.17,20.91,13.2,25.16,442.76,435.7,122.59,107.69,94.78,1549
Player kamo from team KOI has the following stats: R2.0: 0.96 ACS: 224.9 K:D: 0.97 KAST: 68.0 ADR: 147.8 KPR: 0.76 APR: 0.19 FKPR: 0.21 FDPR: 0.19 HS%: 26.0 CL%: 20.0 KMax: 25.0 K: 561.0 D: 578.0 A: 142.0 FK: 152.0 FD: 143.0 Rnd: 740,kamo,KOI,"jett, raze, chamber",0.96,224.9,0.97,68.0,147.8,0.76,0.19,0.21,0.19,26.0,20.0,25.0,561.0,578.0,142.0,152.0,143.0,740
Player MAGNUM from team Karmine Corp has the following stats: R2.0: 0.97 ACS: 193.58 K:D: 0.96 KAST: 71.71 ADR: 124.6 KPR: 0.67 APR: 0.26 FKPR: 0.09 FDPR: 0.1 HS%: 24.89 CL%: 19.76 KMax: 25.97 K: 971.25 D: 994.66 A: 355.61 FK: 128.71 FD: 142.17 Rnd: 3503,MAGNUM,Karmine Corp,"killjoy, cypher, skye",0.97,193.58,0.96,71.71,124.6,0.67,0.26,0.09,0.1,24.89,19.76,25.97,971.25,994.66,355.61,128.71,142.17,3503
Player Dep from team ZETA DIVISION has the following stats: R2.0: 1.02 ACS: 227.85 K:D: 1.11 KAST: 69.21 ADR: 144.01 KPR: 0.81 APR: 0.2 FKPR: 0.14 FDPR: 0.13 HS%: 25.57 CL%: 13.07 KMax: 33.08 K: 740.92 D: 662.26 A: 195.21 FK: 127.52 FD: 110.25 Rnd: 3479,Dep,ZETA DIVISION,"jett, raze, neon",1.02,227.85,1.11,69.21,144.01,0.81,0.2,0.14,0.13,25.57,13.07,33.08,740.92,662.26,195.21,127.52,110.25,3479
Player crashies from team NRG Esports has the following stats: R2.0: 1.05 ACS: 199.36 K:D: 1.07 KAST: 74.16 ADR: 131.22 KPR: 0.7 APR: 0.35 FKPR: 0.06 FDPR: 0.07 HS%: 25.33 CL%: 17.51 KMax: 29.34 K: 1410.77 D: 1309.77 A: 692.67 FK: 132.94 FD: 133.32 Rnd: 6727,crashies,NRG Esports,"sova, skye, cypher",1.05,199.36,1.07,74.16,131.22,0.7,0.35,0.06,0.07,25.33,17.51,29.34,1410.77,1309.77,692.67,132.94,133.32,6727
Player jzz from team Sliquifier has the following stats: R2.0: 0.97 ACS: 215.75 K:D: 0.99 KAST: 70.4 ADR: 141.01 KPR: 0.75 APR: 0.22 FKPR: 0.16 FDPR: 0.14 HS%: 29.34 CL%: 14.86 KMax: 28.98 K: 379.06 D: 378.01 A: 103.6 FK: 82.19 FD: 72.7 Rnd: 1480,jzz,Sliquifier,"raze, skye, jett",0.97,215.75,0.99,70.4,141.01,0.75,0.22,0.16,0.14,29.34,14.86,28.98,379.06,378.01,103.6,82.19,72.7,1480
Player runneR from team Team Vitality has the following stats: R2.0: 0.96 ACS: 205.2 K:D: 0.96 KAST: 71.0 ADR: 135.9 KPR: 0.7 APR: 0.26 FKPR: 0.13 FDPR: 0.12 HS%: 20.0 CL%: 15.0 KMax: 27.0 K: 861.0 D: 893.0 A: 317.0 FK: 163.0 FD: 154.0 Rnd: 1238,runneR,Team Vitality,"raze, jett, chamber",0.96,205.2,0.96,71.0,135.9,0.7,0.26,0.13,0.12,20.0,15.0,27.0,861.0,893.0,317.0,163.0,154.0,1238
Player Xeppaa from team Cloud9 has the following stats: R2.0: 1.01 ACS: 208.35 K:D: 0.99 KAST: 74.8 ADR: 135.69 KPR: 0.72 APR: 0.38 FKPR: 0.08 FDPR: 0.08 HS%: 22.68 CL%: 18.95 KMax: 25.51 K: 613.56 D: 614.4 A: 321.81 FK: 66.63 FD: 71.9 Rnd: 3363,Xeppaa,Cloud9,"kayo, skye, raze",1.01,208.35,0.99,74.8,135.69,0.72,0.38,0.08,0.08,22.68,18.95,25.51,613.56,614.4,321.81,66.63,71.9,3363
Player moose from team Cloud9 has the following stats: R2.0: 1.02 ACS: 192.66 K:D: 1.0 KAST: 71.48 ADR: 128.76 KPR: 0.67 APR: 0.26 FKPR: 0.08 FDPR: 0.07 HS%: 24.0 CL%: 14.49 KMax: 24.11 K: 892.66 D: 877.99 A: 361.46 FK: 92.96 FD: 93.5 Rnd: 3475,moose,Cloud9,"killjoy, viper, sova",1.02,192.66,1.0,71.48,128.76,0.67,0.26,0.08,0.07,24.0,14.49,24.11,892.66,877.99,361.46,92.96,93.5,3475
Player FengF from team Trace Esports has the following stats: R2.0: 1.06 ACS: 225.87 K:D: 1.12 KAST: 70.45 ADR: 149.66 KPR: 0.79 APR: 0.19 FKPR: 0.12 FDPR: 0.1 HS%: 28.08 CL%: 20.75 KMax: 39.31 K: 725.88 D: 667.73 A: 175.89 FK: 57.35 FD: 53.43 Rnd: 1444,FengF,Trace Esports,"raze, killjoy, cypher",1.06,225.87,1.12,70.45,149.66,0.79,0.19,0.12,0.1,28.08,20.75,39.31,725.88,667.73,175.89,57.35,53.43,1444
Player Benkai from team Global Esports has the following stats: R2.0: 1.06 ACS: 187.88 K:D: 1.07 KAST: 74.37 ADR: 122.89 KPR: 0.65 APR: 0.28 FKPR: 0.06 FDPR: 0.07 HS%: 23.16 CL%: 15.35 KMax: 24.32 K: 1189.01 D: 1090.94 A: 519.18 FK: 117.33 FD: 113.62 Rnd: 4467,Benkai,Global Esports,"killjoy, cypher, sova",1.06,187.88,1.07,74.37,122.89,0.65,0.28,0.06,0.07,23.16,15.35,24.32,1189.01,1090.94,519.18,117.33,113.62,4467
Player AtaKaptan from team FUT Esports has the following stats: R2.0: 1.02 ACS: 196.32 K:D: 0.98 KAST: 71.94 ADR: 124.23 KPR: 0.69 APR: 0.39 FKPR: 0.08 FDPR: 0.1 HS%: 26.71 CL%: 16.04 KMax: 27.99 K: 671.56 D: 703.23 A: 388.65 FK: 77.03 FD: 106.89 Rnd: 2721,AtaKaptan,FUT Esports,"viper, omen, brimstone",1.02,196.32,0.98,71.94,124.23,0.69,0.39,0.08,0.1,26.71,16.04,27.99,671.56,703.23,388.65,77.03,106.89,2721
Player NaturE from team Evil Geniuses has the following stats: R2.0: 1.03 ACS: 185.54 K:D: 0.96 KAST: 72.06 ADR: 122.49 KPR: 0.65 APR: 0.28 FKPR: 0.07 FDPR: 0.08 HS%: 24.63 CL%: 16.95 KMax: 34.75 K: 731.68 D: 747.26 A: 282.6 FK: 86.46 FD: 91.32 Rnd: 2841,NaturE,Evil Geniuses,"sova, viper, breach",1.03,185.54,0.96,72.06,122.49,0.65,0.28,0.07,0.08,24.63,16.95,34.75,731.68,747.26,282.6,86.46,91.32,2841
Player Melser from team KRÜ Esports has the following stats: R2.0: 1.0 ACS: 185.13 K:D: 0.99 KAST: 72.78 ADR: 121.21 KPR: 0.65 APR: 0.31 FKPR: 0.08 FDPR: 0.08 HS%: 28.67 CL%: 13.79 KMax: 25.32 K: 731.92 D: 739.84 A: 355.01 FK: 88.76 FD: 86.38 Rnd: 4422,Melser,KRÜ Esports,"omen, astra, viper",1.0,185.13,0.99,72.78,121.21,0.65,0.31,0.08,0.08,28.67,13.79,25.32,731.92,739.84,355.01,88.76,86.38,4422
Player C0M from team LEVIATÁN has the following stats: R2.0: 1.0 ACS: 187.51 K:D: 0.97 KAST: 72.88 ADR: 125.42 KPR: 0.64 APR: 0.33 FKPR: 0.08 FDPR: 0.08 HS%: 22.08 CL%: 16.4 KMax: 26.21 K: 955.18 D: 990.73 A: 501.0 FK: 114.68 FD: 115.75 Rnd: 5000,C0M,LEVIATÁN,"sova, viper, cypher",1.0,187.51,0.97,72.88,125.42,0.64,0.33,0.08,0.08,22.08,16.4,26.21,955.18,990.73,501.0,114.68,115.75,5000
Player xccurate from team T1 has the following stats: R2.0: 0.95 ACS: 186.1 K:D: 0.97 KAST: 72.0 ADR: 122.4 KPR: 0.68 APR: 0.24 FKPR: 0.07 FDPR: 0.09 HS%: 26.0 CL%: 11.0 KMax: 29.0 K: 724.0 D: 747.0 A: 253.0 FK: 75.0 FD: 92.0 Rnd: 1065,xccurate,T1,"chamber, jett, harbor",0.95,186.1,0.97,72.0,122.4,0.68,0.24,0.07,0.09,26.0,11.0,29.0,724.0,747.0,253.0,75.0,92.0,1065
Player RgLMeister from team MIBR has the following stats: R2.0: 1.07 ACS: 196.23 K:D: 1.04 KAST: 74.67 ADR: 131.77 KPR: 0.7 APR: 0.34 FKPR: 0.05 FDPR: 0.06 HS%: 23.69 CL%: 18.38 KMax: 27.5 K: 548.97 D: 509.01 A: 259.02 FK: 40.24 FD: 42.37 Rnd: 1963,RgLMeister,MIBR,"omen, viper, astra",1.07,196.23,1.04,74.67,131.77,0.7,0.34,0.05,0.06,23.69,18.38,27.5,548.97,509.01,259.02,40.24,42.37,1963
Player Estrella from team Rex Regum Qeon has the following stats: R2.0: 1.0 ACS: 182.28 K:D: 0.97 KAST: 72.12 ADR: 120.25 KPR: 0.63 APR: 0.35 FKPR: 0.07 FDPR: 0.08 HS%: 29.38 CL%: 10.14 KMax: 24.5 K: 328.16 D: 346.71 A: 195.33 FK: 33.25 FD: 39.24 Rnd: 1000,Estrella,Rex Regum Qeon,"breach, kayo, viper",1.0,182.28,0.97,72.12,120.25,0.63,0.35,0.07,0.08,29.38,10.14,24.5,328.16,346.71,195.33,33.25,39.24,1000
Player tomaszy from team Karmine Corp has the following stats: R2.0: 0.94 ACS: 182.8 K:D: 0.93 KAST: 71.0 ADR: 124.2 KPR: 0.64 APR: 0.28 FKPR: 0.08 FDPR: 0.08 HS%: 33.0 CL%: 14.0 KMax: 30.0 K: 732.0 D: 783.0 A: 321.0 FK: 87.0 FD: 89.0 Rnd: 1137,tomaszy,Karmine Corp,"neon, jett, viper",0.94,182.8,0.93,71.0,124.2,0.64,0.28,0.08,0.08,33.0,14.0,30.0,732.0,783.0,321.0,87.0,89.0,1137
Player runi from team Cloud9 has the following stats: R2.0: 1.0 ACS: 185.9 K:D: 0.95 KAST: 72.45 ADR: 125.85 KPR: 0.65 APR: 0.3 FKPR: 0.07 FDPR: 0.05 HS%: 29.16 CL%: 12.57 KMax: 22.25 K: 421.86 D: 441.04 A: 200.03 FK: 43.6 FD: 31.31 Rnd: 1942,runi,Cloud9,"sova, fade, breach",1.0,185.9,0.95,72.45,125.85,0.65,0.3,0.07,0.05,29.16,12.57,22.25,421.86,441.04,200.03,43.6,31.31,1942
Player sh1n from team Karmine Corp has the following stats: R2.0: 0.95 ACS: 174.06 K:D: 0.92 KAST: 72.52 ADR: 110.84 KPR: 0.62 APR: 0.34 FKPR: 0.07 FDPR: 0.07 HS%: 29.28 CL%: 12.82 KMax: 23.59 K: 491.01 D: 532.57 A: 279.88 FK: 53.52 FD: 53.75 Rnd: 2201,sh1n,Karmine Corp,"astra, omen, sova",0.95,174.06,0.92,72.52,110.84,0.62,0.34,0.07,0.07,29.28,12.82,23.59,491.01,532.57,279.88,53.52,53.75,2201
Player starxo from team KOI has the following stats: R2.0: 1.0 ACS: 192.24 K:D: 0.99 KAST: 71.34 ADR: 121.47 KPR: 0.68 APR: 0.33 FKPR: 0.08 FDPR: 0.09 HS%: 23.0 CL%: 14.64 KMax: 29.38 K: 905.29 D: 879.18 A: 423.91 FK: 94.98 FD: 101.55 Rnd: 4044,starxo,KOI,"skye, sage, omen",1.0,192.24,0.99,71.34,121.47,0.68,0.33,0.08,0.09,23.0,14.64,29.38,905.29,879.18,423.91,94.98,101.55,4044
Player ban from team Talon Esports has the following stats: R2.0: 0.94 ACS: 202.07 K:D: 0.98 KAST: 68.78 ADR: 128.73 KPR: 0.72 APR: 0.22 FKPR: 0.14 FDPR: 0.12 HS%: 26.14 CL%: 11.83 KMax: 27.95 K: 701.87 D: 698.88 A: 203.26 FK: 138.35 FD: 115.81 Rnd: 3596,ban,Talon Esports,"jett, skye, reyna",0.94,202.07,0.98,68.78,128.73,0.72,0.22,0.14,0.12,26.14,11.83,27.95,701.87,698.88,203.26,138.35,115.81,3596
Player NDG from team Team Secret has the following stats: R2.0: 0.94 ACS: 183.5 K:D: 0.96 KAST: 73.0 ADR: 123.9 KPR: 0.65 APR: 0.22 FKPR: 0.08 FDPR: 0.07 HS%: 23.0 CL%: 12.0 KMax: 23.0 K: 397.0 D: 415.0 A: 136.0 FK: 48.0 FD: 41.0 Rnd: 607,NDG,Team Secret,"astra, viper, killjoy",0.94,183.5,0.96,73.0,123.9,0.65,0.22,0.08,0.07,23.0,12.0,23.0,397.0,415.0,136.0,48.0,41.0,607
Player Khalil from team FURIA has the following stats: R2.0: 1.04 ACS: 189.21 K:D: 1.04 KAST: 72.71 ADR: 125.66 KPR: 0.68 APR: 0.27 FKPR: 0.06 FDPR: 0.06 HS%: 23.62 CL%: 15.87 KMax: 29.88 K: 712.54 D: 664.49 A: 284.41 FK: 66.96 FD: 61.34 Rnd: 3542,Khalil,FURIA,"omen, killjoy, cypher",1.04,189.21,1.04,72.71,125.66,0.68,0.27,0.06,0.06,23.62,15.87,29.88,712.54,664.49,284.41,66.96,61.34,3542
Player mwzera from team FURIA has the following stats: R2.0: 1.08 ACS: 242.25 K:D: 1.11 KAST: 72.13 ADR: 157.27 KPR: 0.82 APR: 0.26 FKPR: 0.13 FDPR: 0.11 HS%: 18.04 CL%: 15.89 KMax: 34.39 K: 854.65 D: 746.3 A: 264.05 FK: 136.89 FD: 110.3 Rnd: 3604,mwzera,FURIA,"raze, jett, sova",1.08,242.25,1.11,72.13,157.27,0.82,0.26,0.13,0.11,18.04,15.89,34.39,854.65,746.3,264.05,136.89,110.3,3604
Player Marved from team NRG Esports has the following stats: R2.0: 1.02 ACS: 202.62 K:D: 1.02 KAST: 72.28 ADR: 130.99 KPR: 0.72 APR: 0.3 FKPR: 0.09 FDPR: 0.09 HS%: 28.91 CL%: 18.76 KMax: 29.84 K: 1379.02 D: 1327.26 A: 575.03 FK: 176.57 FD: 164.49 Rnd: 5160,Marved,NRG Esports,"omen, astra, brimstone",1.02,202.62,1.02,72.28,130.99,0.72,0.3,0.09,0.09,28.91,18.76,29.84,1379.02,1327.26,575.03,176.57,164.49,5160
Player Flex1n from team Bilibili Gaming has the following stats: R2.0: 1.0 ACS: 192.52 K:D: 1.02 KAST: 74.79 ADR: 119.08 KPR: 0.68 APR: 0.4 FKPR: 0.06 FDPR: 0.08 HS%: 33.61 CL%: 19.48 KMax: 25.8 K: 433.83 D: 433.97 A: 249.37 FK: 17.71 FD: 24.13 Rnd: 1111,Flex1n,Bilibili Gaming,"omen, viper, astra",1.0,192.52,1.02,74.79,119.08,0.68,0.4,0.06,0.08,33.61,19.48,25.8,433.83,433.97,249.37,17.71,24.13,1111
Player Foxy9 from team DRX has the following stats: R2.0: 0.96 ACS: 198.05 K:D: 0.99 KAST: 70.82 ADR: 127.84 KPR: 0.7 APR: 0.26 FKPR: 0.14 FDPR: 0.14 HS%: 29.51 CL%: 14.89 KMax: 25.2 K: 635.75 D: 664.07 A: 282.0 FK: 96.09 FD: 107.89 Rnd: 2033,Foxy9,DRX,"jett, raze, cypher",0.96,198.05,0.99,70.82,127.84,0.7,0.26,0.14,0.14,29.51,14.89,25.2,635.75,664.07,282.0,96.09,107.89,2033
Player icy from team G2 Esports has the following stats: R2.0: 0.92 ACS: 190.37 K:D: 0.9 KAST: 68.69 ADR: 128.51 KPR: 0.67 APR: 0.21 FKPR: 0.12 FDPR: 0.12 HS%: 24.69 CL%: 13.08 KMax: 24.77 K: 823.59 D: 906.61 A: 250.59 FK: 156.72 FD: 161.96 Rnd: 2134,icy,G2 Esports,"killjoy, raze, chamber",0.92,190.37,0.9,68.69,128.51,0.67,0.21,0.12,0.12,24.69,13.08,24.77,823.59,906.61,250.59,156.72,161.96,2134
Player Enzo from team Team Liquid has the following stats: R2.0: 1.01 ACS: 188.29 K:D: 0.98 KAST: 72.0 ADR: 127.27 KPR: 0.63 APR: 0.35 FKPR: 0.05 FDPR: 0.06 HS%: 21.88 CL%: 14.65 KMax: 26.14 K: 776.91 D: 782.38 A: 438.95 FK: 66.31 FD: 67.24 Rnd: 3211,Enzo,Team Liquid,"sova, fade, raze",1.01,188.29,0.98,72.0,127.27,0.63,0.35,0.05,0.06,21.88,14.65,26.14,776.91,782.38,438.95,66.31,67.24,3211
Player whzy from team Bilibili Gaming has the following stats: R2.0: 1.02 ACS: 243.82 K:D: 1.11 KAST: 67.82 ADR: 152.31 KPR: 0.84 APR: 0.2 FKPR: 0.19 FDPR: 0.18 HS%: 20.59 CL%: 1.88 KMax: 30.23 K: 526.14 D: 474.87 A: 127.89 FK: 57.54 FD: 52.9 Rnd: 1245,whzy,Bilibili Gaming,"jett, raze, chamber",1.02,243.82,1.11,67.82,152.31,0.84,0.2,0.19,0.18,20.59,1.88,30.23,526.14,474.87,127.89,57.54,52.9,1245
Player Russ from team Global Esports has the following stats: R2.0: 0.87 ACS: 175.52 K:D: 0.86 KAST: 69.18 ADR: 111.6 KPR: 0.61 APR: 0.3 FKPR: 0.09 FDPR: 0.12 HS%: 31.86 CL%: 16.36 KMax: 21.83 K: 582.12 D: 689.29 A: 287.5 FK: 90.3 FD: 118.23 Rnd: 2540,Russ,Global Esports,"sage, skye, breach",0.87,175.52,0.86,69.18,111.6,0.61,0.3,0.09,0.12,31.86,16.36,21.83,582.12,689.29,287.5,90.3,118.23,2540
Player nobody from team EDward Gaming has the following stats: R2.0: 0.95 ACS: 195.04 K:D: 1.0 KAST: 71.98 ADR: 127.14 KPR: 0.69 APR: 0.3 FKPR: 0.08 FDPR: 0.11 HS%: 30.97 CL%: 19.55 KMax: 27.66 K: 863.29 D: 873.04 A: 371.26 FK: 64.89 FD: 95.05 Rnd: 2915,nobody,EDward Gaming,"sova, skye, fade",0.95,195.04,1.0,71.98,127.14,0.69,0.3,0.08,0.11,30.97,19.55,27.66,863.29,873.04,371.26,64.89,95.05,2915
Player Fit1nho from team GIANTX has the following stats: R2.0: 1.02 ACS: 211.75 K:D: 1.06 KAST: 71.92 ADR: 134.84 KPR: 0.75 APR: 0.22 FKPR: 0.16 FDPR: 0.13 HS%: 24.12 CL%: 11.75 KMax: 31.73 K: 649.71 D: 607.86 A: 186.96 FK: 139.6 FD: 116.74 Rnd: 2448,Fit1nho,GIANTX,"jett, raze, breach",1.02,211.75,1.06,71.92,134.84,0.75,0.22,0.16,0.13,24.12,11.75,31.73,649.71,607.86,186.96,139.6,116.74,2448
Player tex from team LEVIATÁN has the following stats: R2.0: 0.97 ACS: 205.14 K:D: 1.01 KAST: 70.44 ADR: 133.47 KPR: 0.72 APR: 0.21 FKPR: 0.13 FDPR: 0.13 HS%: 31.69 CL%: 13.12 KMax: 26.87 K: 982.0 D: 974.66 A: 286.89 FK: 179.63 FD: 165.8 Rnd: 3691,tex,LEVIATÁN,"jett, raze, kayo",0.97,205.14,1.01,70.44,133.47,0.72,0.21,0.13,0.13,31.69,13.12,26.87,982.0,974.66,286.89,179.63,165.8,3691
Player SSeeS from team DetonatioN FocusMe has the following stats: R2.0: 0.92 ACS: 165.9 K:D: 0.83 KAST: 70.0 ADR: 107.7 KPR: 0.59 APR: 0.37 FKPR: 0.06 FDPR: 0.07 HS%: 36.0 CL%: 16.0 KMax: 21.0 K: 325.0 D: 390.0 A: 203.0 FK: 31.0 FD: 41.0 Rnd: 555,SSeeS,DetonatioN FocusMe,"omen, viper, sage",0.92,165.9,0.83,70.0,107.7,0.59,0.37,0.06,0.07,36.0,16.0,21.0,325.0,390.0,203.0,31.0,41.0,555
Player Governor from team Talon Esports has the following stats: R2.0: 0.93 ACS: 204.48 K:D: 0.92 KAST: 68.23 ADR: 134.62 KPR: 0.69 APR: 0.25 FKPR: 0.14 FDPR: 0.14 HS%: 23.42 CL%: 19.96 KMax: 26.65 K: 501.08 D: 542.53 A: 183.53 FK: 96.91 FD: 106.28 Rnd: 1888,Governor,Talon Esports,"jett, sova, raze",0.93,204.48,0.92,68.23,134.62,0.69,0.25,0.14,0.14,23.42,19.96,26.65,501.08,542.53,183.53,96.91,106.28,1888
Player saadhak from team LOUD has the following stats: R2.0: 0.98 ACS: 201.18 K:D: 0.97 KAST: 72.14 ADR: 130.16 KPR: 0.67 APR: 0.4 FKPR: 0.11 FDPR: 0.13 HS%: 19.41 CL%: 15.68 KMax: 23.51 K: 864.96 D: 889.88 A: 522.45 FK: 137.33 FD: 166.82 Rnd: 5084,saadhak,LOUD,"kayo, cypher, killjoy",0.98,201.18,0.97,72.14,130.16,0.67,0.4,0.11,0.13,19.41,15.68,23.51,864.96,889.88,522.45,137.33,166.82,5084
Player TakaS from team Gentle Mates has the following stats: R2.0: 1.01 ACS: 216.67 K:D: 1.03 KAST: 68.48 ADR: 136.27 KPR: 0.74 APR: 0.22 FKPR: 0.15 FDPR: 0.15 HS%: 19.91 CL%: 16.09 KMax: 28.78 K: 807.73 D: 771.94 A: 237.63 FK: 149.14 FD: 146.14 Rnd: 1854,TakaS,Gentle Mates,"jett, raze, sova",1.01,216.67,1.03,68.48,136.27,0.74,0.22,0.15,0.15,19.91,16.09,28.78,807.73,771.94,237.63,149.14,146.14,1854
Player hoody from team GIANTX has the following stats: R2.0: 1.05 ACS: 213.71 K:D: 1.05 KAST: 72.51 ADR: 137.98 KPR: 0.74 APR: 0.3 FKPR: 0.12 FDPR: 0.1 HS%: 25.48 CL%: 11.21 KMax: 26.89 K: 889.06 D: 835.86 A: 353.06 FK: 147.04 FD: 121.75 Rnd: 4174,hoody,GIANTX,"sage, jett, skye",1.05,213.71,1.05,72.51,137.98,0.74,0.3,0.12,0.1,25.48,11.21,26.89,889.06,835.86,353.06,147.04,121.75,4174
Player Retla from team BLEED has the following stats: R2.0: 0.96 ACS: 195.25 K:D: 1.02 KAST: 69.78 ADR: 125.22 KPR: 0.7 APR: 0.2 FKPR: 0.07 FDPR: 0.08 HS%: 23.18 CL%: 14.0 KMax: 25.61 K: 268.01 D: 261.64 A: 77.02 FK: 25.74 FD: 32.16 Rnd: 1075,Retla,BLEED,"killjoy, cypher, sage",0.96,195.25,1.02,69.78,125.22,0.7,0.2,0.07,0.08,23.18,14.0,25.61,268.01,261.64,77.02,25.74,32.16,1075
Player Monyet from team Rex Regum Qeon has the following stats: R2.0: 1.07 ACS: 231.65 K:D: 1.09 KAST: 71.4 ADR: 149.53 KPR: 0.8 APR: 0.26 FKPR: 0.15 FDPR: 0.15 HS%: 24.04 CL%: 21.2 KMax: 33.58 K: 920.29 D: 840.19 A: 270.23 FK: 188.93 FD: 185.91 Rnd: 3282,Monyet,Rex Regum Qeon,"jett, raze, omen",1.07,231.65,1.09,71.4,149.53,0.8,0.26,0.15,0.15,24.04,21.2,33.58,920.29,840.19,270.23,188.93,185.91,3282
Player Lightningfast from team Global Esports has the following stats: R2.0: 0.99 ACS: 206.52 K:D: 1.01 KAST: 71.26 ADR: 134.28 KPR: 0.73 APR: 0.27 FKPR: 0.1 FDPR: 0.1 HS%: 29.76 CL%: 15.24 KMax: 30.08 K: 633.24 D: 608.19 A: 215.44 FK: 94.94 FD: 85.86 Rnd: 2265,Lightningfast,Global Esports,"cypher, killjoy, astra",0.99,206.52,1.01,71.26,134.28,0.73,0.27,0.1,0.1,29.76,15.24,30.08,633.24,608.19,215.44,94.94,85.86,2265
Player ceNder from team Team Vitality has the following stats: R2.0: 0.96 ACS: 187.24 K:D: 0.95 KAST: 68.17 ADR: 121.98 KPR: 0.66 APR: 0.27 FKPR: 0.09 FDPR: 0.1 HS%: 27.14 CL%: 12.17 KMax: 28.73 K: 653.23 D: 694.84 A: 286.24 FK: 82.66 FD: 100.44 Rnd: 3419,ceNder,Team Vitality,"breach, omen, cypher",0.96,187.24,0.95,68.17,121.98,0.66,0.27,0.09,0.1,27.14,12.17,28.73,653.23,694.84,286.24,82.66,100.44,3419
Player vanity from team Cloud9 has the following stats: R2.0: 0.95 ACS: 186.67 K:D: 0.93 KAST: 72.03 ADR: 117.3 KPR: 0.65 APR: 0.34 FKPR: 0.09 FDPR: 0.09 HS%: 17.76 CL%: 14.58 KMax: 25.92 K: 1024.09 D: 1094.92 A: 509.67 FK: 132.34 FD: 137.57 Rnd: 3873,vanity,Cloud9,"omen, astra, viper",0.95,186.67,0.93,72.03,117.3,0.65,0.34,0.09,0.09,17.76,14.58,25.92,1024.09,1094.92,509.67,132.34,137.57,3873
Player Medusa from team DetonatioN FocusMe has the following stats: R2.0: 0.97 ACS: 198.84 K:D: 1.01 KAST: 68.84 ADR: 130.05 KPR: 0.69 APR: 0.24 FKPR: 0.1 FDPR: 0.1 HS%: 27.37 CL%: 15.24 KMax: 23.17 K: 537.94 D: 522.84 A: 191.49 FK: 73.67 FD: 75.41 Rnd: 2035,Medusa,DetonatioN FocusMe,"sova, killjoy, cypher",0.97,198.84,1.01,68.84,130.05,0.69,0.24,0.1,0.1,27.37,15.24,23.17,537.94,522.84,191.49,73.67,75.41,2035
Player Carpe from team T1 has the following stats: R2.0: 0.9 ACS: 175.97 K:D: 0.86 KAST: 72.98 ADR: 114.19 KPR: 0.61 APR: 0.38 FKPR: 0.06 FDPR: 0.08 HS%: 24.49 CL%: 14.54 KMax: 26.51 K: 580.98 D: 676.71 A: 363.85 FK: 61.84 FD: 74.95 Rnd: 1889,Carpe,T1,"skye, gekko, sova",0.9,175.97,0.86,72.98,114.19,0.61,0.38,0.06,0.08,24.49,14.54,26.51,580.98,676.71,363.85,61.84,74.95,1889
Player liazzi from team MIBR has the following stats: R2.0: 0.99 ACS: 207.55 K:D: 1.0 KAST: 70.0 ADR: 133.95 KPR: 0.72 APR: 0.24 FKPR: 0.11 FDPR: 0.12 HS%: 22.69 CL%: 21.79 KMax: 25.88 K: 579.91 D: 580.84 A: 186.54 FK: 91.96 FD: 98.13 Rnd: 1849,liazzi,MIBR,"raze, omen, kayo",0.99,207.55,1.0,70.0,133.95,0.72,0.24,0.11,0.12,22.69,21.79,25.88,579.91,580.84,186.54,91.96,98.13,1849
Player Lakia from team Gen.G has the following stats: R2.0: 1.0 ACS: 192.19 K:D: 1.0 KAST: 72.7 ADR: 126.48 KPR: 0.67 APR: 0.31 FKPR: 0.09 FDPR: 0.09 HS%: 25.4 CL%: 22.24 KMax: 25.78 K: 1158.32 D: 1224.97 A: 594.37 FK: 139.32 FD: 156.98 Rnd: 3982,Lakia,Gen.G,"sova, skye, fade",1.0,192.19,1.0,72.7,126.48,0.67,0.31,0.09,0.09,25.4,22.24,25.78,1158.32,1224.97,594.37,139.32,156.98,3982
Player pAura from team BBL Esports has the following stats: R2.0: 0.86 ACS: 180.16 K:D: 0.89 KAST: 67.52 ADR: 118.38 KPR: 0.62 APR: 0.23 FKPR: 0.1 FDPR: 0.13 HS%: 29.32 CL%: 12.29 KMax: 27.55 K: 777.88 D: 852.47 A: 266.6 FK: 125.25 FD: 157.89 Rnd: 3100,pAura,BBL Esports,"cypher, killjoy, sage",0.86,180.16,0.89,67.52,118.38,0.62,0.23,0.1,0.13,29.32,12.29,27.55,777.88,852.47,266.6,125.25,157.89,3100
Player lenne from team LaZe has the following stats: R2.0: 0.98 ACS: 189.87 K:D: 0.91 KAST: 71.51 ADR: 125.8 KPR: 0.64 APR: 0.34 FKPR: 0.08 FDPR: 0.08 HS%: 20.21 CL%: 15.01 KMax: 26.55 K: 895.07 D: 953.38 A: 466.71 FK: 106.08 FD: 106.67 Rnd: 2837,lenne,LaZe,"sova, skye, killjoy",0.98,189.87,0.91,71.51,125.8,0.64,0.34,0.08,0.08,20.21,15.01,26.55,895.07,953.38,466.71,106.08,106.67,2837
Player Jamppi from team Team Liquid has the following stats: R2.0: 1.01 ACS: 210.9 K:D: 1.08 KAST: 70.0 ADR: 131.52 KPR: 0.75 APR: 0.21 FKPR: 0.15 FDPR: 0.13 HS%: 25.1 CL%: 18.8 KMax: 29.79 K: 1218.88 D: 1106.15 A: 316.15 FK: 260.39 FD: 226.34 Rnd: 5254,Jamppi,Team Liquid,"jett, sova, chamber",1.01,210.9,1.08,70.0,131.52,0.75,0.21,0.15,0.13,25.1,18.8,29.79,1218.88,1106.15,316.15,260.39,226.34,5254
Player Zest from team BLEED has the following stats: R2.0: 0.95 ACS: 184.59 K:D: 0.98 KAST: 71.05 ADR: 120.32 KPR: 0.65 APR: 0.3 FKPR: 0.07 FDPR: 0.08 HS%: 30.55 CL%: 18.4 KMax: 27.7 K: 730.1 D: 727.32 A: 341.67 FK: 82.01 FD: 89.0 Rnd: 3675,Zest,BLEED,"sova, sage, fade",0.95,184.59,0.98,71.05,120.32,0.65,0.3,0.07,0.08,30.55,18.4,27.7,730.1,727.32,341.67,82.01,89.0,3675
Player Quick from team LOUD has the following stats: R2.0: 0.97 ACS: 204.14 K:D: 1.0 KAST: 68.48 ADR: 131.19 KPR: 0.72 APR: 0.21 FKPR: 0.13 FDPR: 0.13 HS%: 24.96 CL%: 18.63 KMax: 26.33 K: 758.71 D: 750.49 A: 237.27 FK: 135.29 FD: 128.56 Rnd: 3754,Quick,LOUD,"jett, viper, raze",0.97,204.14,1.0,68.48,131.19,0.72,0.21,0.13,0.13,24.96,18.63,26.33,758.71,750.49,237.27,135.29,128.56,3754
Player paTiTek from team Team Heretics has the following stats: R2.0: 0.95 ACS: 198.03 K:D: 0.96 KAST: 73.46 ADR: 127.99 KPR: 0.68 APR: 0.35 FKPR: 0.09 FDPR: 0.09 HS%: 22.52 CL%: 14.19 KMax: 25.45 K: 599.91 D: 625.61 A: 313.19 FK: 79.87 FD: 84.53 Rnd: 2576,paTiTek,Team Heretics,"omen, kayo, breach",0.95,198.03,0.96,73.46,127.99,0.68,0.35,0.09,0.09,22.52,14.19,25.45,599.91,625.61,313.19,79.87,84.53,2576
Player Apoth from team Evil Geniuses has the following stats: R2.0: 0.95 ACS: 183.56 K:D: 0.93 KAST: 68.38 ADR: 121.43 KPR: 0.65 APR: 0.3 FKPR: 0.07 FDPR: 0.1 HS%: 31.29 CL%: 16.21 KMax: 24.67 K: 640.21 D: 663.11 A: 305.05 FK: 60.03 FD: 88.79 Rnd: 2118,Apoth,Evil Geniuses,"astra, viper, sage",0.95,183.56,0.93,68.38,121.43,0.65,0.3,0.07,0.1,31.29,16.21,24.67,640.21,663.11,305.05,60.03,88.79,2118
Player Deryeon from team BLEED has the following stats: R2.0: 0.98 ACS: 220.98 K:D: 1.0 KAST: 70.65 ADR: 139.93 KPR: 0.76 APR: 0.2 FKPR: 0.17 FDPR: 0.16 HS%: 21.11 CL%: 13.88 KMax: 32.49 K: 1063.56 D: 1009.8 A: 249.67 FK: 257.93 FD: 219.26 Rnd: 2717,Deryeon,BLEED,"jett, chamber, reyna",0.98,220.98,1.0,70.65,139.93,0.76,0.2,0.17,0.16,21.11,13.88,32.49,1063.56,1009.8,249.67,257.93,219.26,2717
Player yuran from team ZETA DIVISION has the following stats: R2.0: 0.86 ACS: 173.9 K:D: 0.76 KAST: 70.0 ADR: 118.0 KPR: 0.57 APR: 0.43 FKPR: 0.06 FDPR: 0.09 HS%: 26.0 CL%: 8.0 KMax: 20.0 K: 373.0 D: 492.0 A: 282.0 FK: 38.0 FD: 61.0 Rnd: 657,yuran,ZETA DIVISION,"viper, sova, breach",0.86,173.9,0.76,70.0,118.0,0.57,0.43,0.06,0.09,26.0,8.0,20.0,373.0,492.0,282.0,38.0,61.0,657
Player BerLIN from team FunPlus Phoenix has the following stats: R2.0: 0.89 ACS: 205.91 K:D: 0.96 KAST: 68.08 ADR: 133.61 KPR: 0.69 APR: 0.33 FKPR: 0.11 FDPR: 0.11 HS%: 27.08 CL%: 10.61 KMax: 28.94 K: 778.87 D: 815.86 A: 375.75 FK: 94.47 FD: 93.79 Rnd: 2867,BerLIN,FunPlus Phoenix,"raze, fade, sova",0.89,205.91,0.96,68.08,133.61,0.69,0.33,0.11,0.11,27.08,10.61,28.94,778.87,815.86,375.75,94.47,93.79,2867
Player Mistic from team Team Liquid has the following stats: R2.0: 1.0 ACS: 183.04 K:D: 1.0 KAST: 74.15 ADR: 118.54 KPR: 0.65 APR: 0.32 FKPR: 0.06 FDPR: 0.06 HS%: 28.9 CL%: 14.21 KMax: 30.02 K: 1139.2 D: 1114.47 A: 538.38 FK: 107.1 FD: 103.16 Rnd: 4210,Mistic,Team Liquid,"omen, viper, astra",1.0,183.04,1.0,74.15,118.54,0.65,0.32,0.06,0.06,28.9,14.21,30.02,1139.2,1114.47,538.38,107.1,103.16,4210
Player AAAAY from team FunPlus Phoenix has the following stats: R2.0: 0.94 ACS: 192.49 K:D: 1.03 KAST: 68.36 ADR: 131.46 KPR: 0.71 APR: 0.25 FKPR: 0.05 FDPR: 0.05 HS%: 32.81 CL%: 8.72 KMax: 28.42 K: 862.32 D: 839.04 A: 304.01 FK: 38.91 FD: 33.08 Rnd: 1878,AAAAY,FunPlus Phoenix,"skye, gekko, chamber",0.94,192.49,1.03,68.36,131.46,0.71,0.25,0.05,0.05,32.81,8.72,28.42,862.32,839.04,304.01,38.91,33.08,1878
Player ShadoW from team KOI has the following stats: R2.0: 0.91 ACS: 177.62 K:D: 0.93 KAST: 71.45 ADR: 114.35 KPR: 0.63 APR: 0.31 FKPR: 0.04 FDPR: 0.06 HS%: 22.45 CL%: 12.9 KMax: 25.22 K: 657.28 D: 684.62 A: 310.65 FK: 44.34 FD: 65.3 Rnd: 2689,ShadoW,KOI,"breach, sova, skye",0.91,177.62,0.93,71.45,114.35,0.63,0.31,0.04,0.06,22.45,12.9,25.22,657.28,684.62,310.65,44.34,65.3,2689
Player Wailers from team Gentle Mates has the following stats: R2.0: 0.86 ACS: 153.4 K:D: 0.84 KAST: 69.0 ADR: 103.5 KPR: 0.57 APR: 0.23 FKPR: 0.05 FDPR: 0.04 HS%: 31.0 CL%: 8.0 KMax: 20.0 K: 320.0 D: 379.0 A: 131.0 FK: 28.0 FD: 23.0 Rnd: 564,Wailers,Gentle Mates,"omen, astra, viper",0.86,153.4,0.84,69.0,103.5,0.57,0.23,0.05,0.04,31.0,8.0,20.0,320.0,379.0,131.0,28.0,23.0,564
Player heybay from team Trace Esports has the following stats: R2.0: 0.88 ACS: 176.52 K:D: 0.87 KAST: 73.31 ADR: 113.84 KPR: 0.61 APR: 0.36 FKPR: 0.11 FDPR: 0.09 HS%: 25.46 CL%: 6.93 KMax: 23.15 K: 560.37 D: 656.45 A: 360.32 FK: 35.77 FD: 32.93 Rnd: 1444,heybay,Trace Esports,"jett, viper, breach",0.88,176.52,0.87,73.31,113.84,0.61,0.36,0.11,0.09,25.46,6.93,23.15,560.37,656.45,360.32,35.77,32.93,1444
Player Boaster from team FNATIC has the following stats: R2.0: 0.93 ACS: 177.16 K:D: 0.89 KAST: 72.56 ADR: 113.37 KPR: 0.6 APR: 0.38 FKPR: 0.08 FDPR: 0.1 HS%: 20.97 CL%: 17.37 KMax: 27.48 K: 1033.14 D: 1143.83 A: 616.51 FK: 135.54 FD: 174.36 Rnd: 6519,Boaster,FNATIC,"astra, omen, breach",0.93,177.16,0.89,72.56,113.37,0.6,0.38,0.08,0.1,20.97,17.37,27.48,1033.14,1143.83,616.51,135.54,174.36,6519
Player neth from team DetonatioN FocusMe has the following stats: R2.0: 0.98 ACS: 192.59 K:D: 1.02 KAST: 70.71 ADR: 124.41 KPR: 0.68 APR: 0.27 FKPR: 0.07 FDPR: 0.08 HS%: 23.16 CL%: 13.7 KMax: 25.05 K: 717.97 D: 684.56 A: 266.35 FK: 74.95 FD: 82.22 Rnd: 2821,neth,DetonatioN FocusMe,"raze, breach, killjoy",0.98,192.59,1.02,70.71,124.41,0.68,0.27,0.07,0.08,23.16,13.7,25.05,717.97,684.56,266.35,74.95,82.22,2821
Player mta from team KRÜ Esports has the following stats: R2.0: 0.84 ACS: 167.9 K:D: 0.8 KAST: 68.0 ADR: 112.6 KPR: 0.59 APR: 0.27 FKPR: 0.08 FDPR: 0.09 HS%: 34.0 CL%: 6.0 KMax: 22.0 K: 416.0 D: 523.0 A: 193.0 FK: 57.0 FD: 62.0 Rnd: 711,mta,KRÜ Esports,"jett, sova, raze",0.84,167.9,0.8,68.0,112.6,0.59,0.27,0.08,0.09,34.0,6.0,22.0,416.0,523.0,193.0,57.0,62.0,711
Player Destrian from team Team Vitality has the following stats: R2.0: 0.94 ACS: 176.04 K:D: 0.89 KAST: 71.81 ADR: 118.0 KPR: 0.61 APR: 0.35 FKPR: 0.06 FDPR: 0.08 HS%: 23.78 CL%: 15.4 KMax: 23.38 K: 502.63 D: 566.15 A: 298.9 FK: 55.74 FD: 64.93 Rnd: 2399,Destrian,Team Vitality,"breach, sova, astra",0.94,176.04,0.89,71.81,118.0,0.61,0.35,0.06,0.08,23.78,15.4,23.38,502.63,566.15,298.9,55.74,64.93,2399
Player Boostio from team 100 Thieves has the following stats: R2.0: 0.93 ACS: 201.25 K:D: 0.97 KAST: 69.59 ADR: 133.48 KPR: 0.71 APR: 0.2 FKPR: 0.12 FDPR: 0.13 HS%: 24.46 CL%: 12.23 KMax: 29.75 K: 955.63 D: 981.65 A: 272.54 FK: 165.85 FD: 169.84 Rnd: 4587,Boostio,100 Thieves,"jett, killjoy, chamber",0.93,201.25,0.97,69.59,133.48,0.71,0.2,0.12,0.13,24.46,12.23,29.75,955.63,981.65,272.54,165.85,169.84,4587
Player fl1pzjder from team Rex Regum Qeon has the following stats: R2.0: 1.02 ACS: 218.73 K:D: 1.05 KAST: 70.57 ADR: 138.3 KPR: 0.75 APR: 0.27 FKPR: 0.14 FDPR: 0.12 HS%: 27.61 CL%: 17.08 KMax: 28.61 K: 1096.97 D: 1006.8 A: 350.36 FK: 208.61 FD: 174.31 Rnd: 4131,fl1pzjder,Rex Regum Qeon,"jett, kayo, raze",1.02,218.73,1.05,70.57,138.3,0.75,0.27,0.14,0.12,27.61,17.08,28.61,1096.97,1006.8,350.36,208.61,174.31,4131
Player hiroronn from team ZETA DIVISION has the following stats: R2.0: 0.87 ACS: 176.59 K:D: 0.8 KAST: 67.69 ADR: 116.32 KPR: 0.61 APR: 0.28 FKPR: 0.09 FDPR: 0.12 HS%: 27.9 CL%: 20.0 KMax: 21.05 K: 322.32 D: 413.32 A: 164.67 FK: 42.8 FD: 62.71 Rnd: 891,hiroronn,ZETA DIVISION,"killjoy, reyna, cypher",0.87,176.59,0.8,67.69,116.32,0.61,0.28,0.09,0.12,27.9,20.0,21.05,322.32,413.32,164.67,42.8,62.71,891
Player Klaus from team KRÜ Esports has the following stats: R2.0: 0.94 ACS: 181.03 K:D: 0.94 KAST: 72.72 ADR: 116.03 KPR: 0.63 APR: 0.3 FKPR: 0.07 FDPR: 0.08 HS%: 20.62 CL%: 13.4 KMax: 22.6 K: 788.3 D: 817.5 A: 358.13 FK: 80.05 FD: 94.91 Rnd: 4310,Klaus,KRÜ Esports,"killjoy, sova, skye",0.94,181.03,0.94,72.72,116.03,0.63,0.3,0.07,0.08,20.62,13.4,22.6,788.3,817.5,358.13,80.05,94.91,4310
Player crazyguy from team BLEED has the following stats: R2.0: 1.09 ACS: 221.44 K:D: 1.1 KAST: 72.52 ADR: 138.81 KPR: 0.75 APR: 0.34 FKPR: 0.1 FDPR: 0.11 HS%: 23.63 CL%: 15.39 KMax: 27.77 K: 280.33 D: 244.76 A: 120.97 FK: 34.92 FD: 38.4 Rnd: 672,crazyguy,BLEED,"sova, fade, sage",1.09,221.44,1.1,72.52,138.81,0.75,0.34,0.1,0.11,23.63,15.39,27.77,280.33,244.76,120.97,34.92,38.4,672
Player Crws from team Talon Esports has the following stats: R2.0: 0.91 ACS: 180.39 K:D: 0.91 KAST: 71.0 ADR: 117.81 KPR: 0.63 APR: 0.34 FKPR: 0.07 FDPR: 0.09 HS%: 22.61 CL%: 19.13 KMax: 26.04 K: 929.25 D: 1006.58 A: 499.31 FK: 102.64 FD: 135.09 Rnd: 4813,Crws,Talon Esports,"breach, skye, sage",0.91,180.39,0.91,71.0,117.81,0.63,0.34,0.07,0.09,22.61,19.13,26.04,929.25,1006.58,499.31,102.64,135.09,4813
Player Life from team FunPlus Phoenix has the following stats: R2.0: 0.87 ACS: 224.17 K:D: 1.02 KAST: 64.24 ADR: 139.84 KPR: 0.78 APR: 0.18 FKPR: 0.19 FDPR: 0.19 HS%: 32.87 CL%: 20.24 KMax: 29.21 K: 893.37 D: 871.4 A: 208.15 FK: 133.0 FD: 145.57 Rnd: 1964,Life,FunPlus Phoenix,"jett, raze, yoru",0.87,224.17,1.02,64.24,139.84,0.78,0.18,0.19,0.19,32.87,20.24,29.21,893.37,871.4,208.15,133.0,145.57,1964
Player yay from team BLEED has the following stats: R2.0: 1.19 ACS: 246.63 K:D: 1.28 KAST: 71.34 ADR: 155.67 KPR: 0.88 APR: 0.15 FKPR: 0.19 FDPR: 0.12 HS%: 26.19 CL%: 13.91 KMax: 35.94 K: 1750.19 D: 1337.45 A: 285.34 FK: 382.43 FD: 235.01 Rnd: 4356,yay,BLEED,"jett, chamber, sage",1.19,246.63,1.28,71.34,155.67,0.88,0.15,0.19,0.12,26.19,13.91,35.94,1750.19,1337.45,285.34,382.43,235.01,4356
Player Lysoar from team FunPlus Phoenix has the following stats: R2.0: 0.85 ACS: 192.35 K:D: 1.0 KAST: 66.58 ADR: 123.51 KPR: 0.68 APR: 0.28 FKPR: 0.06 FDPR: 0.07 HS%: 25.58 CL%: 3.09 KMax: 27.42 K: 801.05 D: 810.0 A: 356.41 FK: 40.04 FD: 45.59 Rnd: 1878,Lysoar,FunPlus Phoenix,"killjoy, viper, omen",0.85,192.35,1.0,66.58,123.51,0.68,0.28,0.06,0.07,25.58,3.09,27.42,801.05,810.0,356.41,40.04,45.59,1878
Player Redgar from team GIANTX has the following stats: R2.0: 0.88 ACS: 171.63 K:D: 0.88 KAST: 71.16 ADR: 111.98 KPR: 0.6 APR: 0.31 FKPR: 0.08 FDPR: 0.09 HS%: 31.29 CL%: 14.15 KMax: 26.91 K: 849.93 D: 950.54 A: 427.31 FK: 117.53 FD: 122.05 Rnd: 4626,Redgar,GIANTX,"omen, sova, astra",0.88,171.63,0.88,71.16,111.98,0.6,0.31,0.08,0.09,31.29,14.15,26.91,849.93,950.54,427.31,117.53,122.05,4626
Player Biank from team Trace Esports has the following stats: R2.0: 0.87 ACS: 185.62 K:D: 0.92 KAST: 66.82 ADR: 122.41 KPR: 0.64 APR: 0.33 FKPR: 0.08 FDPR: 0.1 HS%: 18.42 CL%: 27.35 KMax: 25.22 K: 479.5 D: 531.41 A: 250.53 FK: 36.3 FD: 44.29 Rnd: 1452,Biank,Trace Esports,"sova, fade, skye",0.87,185.62,0.92,66.82,122.41,0.64,0.33,0.08,0.1,18.42,27.35,25.22,479.5,531.41,250.53,36.3,44.29,1452
Player ANGE1 from team Natus Vincere has the following stats: R2.0: 0.84 ACS: 184.35 K:D: 0.85 KAST: 67.81 ADR: 119.65 KPR: 0.63 APR: 0.28 FKPR: 0.11 FDPR: 0.14 HS%: 30.25 CL%: 15.73 KMax: 26.21 K: 933.89 D: 1101.49 A: 416.71 FK: 173.77 FD: 211.39 Rnd: 5195,ANGE1,Natus Vincere,"omen, brimstone, viper",0.84,184.35,0.85,67.81,119.65,0.63,0.28,0.11,0.14,30.25,15.73,26.21,933.89,1101.49,416.71,173.77,211.39,5195
Player reazy from team BBL Esports has the following stats: R2.0: 0.88 ACS: 177.4 K:D: 0.82 KAST: 67.79 ADR: 119.22 KPR: 0.6 APR: 0.31 FKPR: 0.07 FDPR: 0.07 HS%: 30.97 CL%: 14.43 KMax: 19.72 K: 253.02 D: 314.41 A: 134.92 FK: 29.08 FD: 27.97 Rnd: 826,reazy,BBL Esports,"sova, fade, sage",0.88,177.4,0.82,67.79,119.22,0.6,0.31,0.07,0.07,30.97,14.43,19.72,253.02,314.41,134.92,29.08,27.97,826
Player beyAz from team Gentle Mates has the following stats: R2.0: 0.8 ACS: 155.4 K:D: 0.72 KAST: 71.0 ADR: 103.8 KPR: 0.52 APR: 0.42 FKPR: 0.05 FDPR: 0.07 HS%: 23.0 CL%: 11.0 KMax: 25.0 K: 291.0 D: 405.0 A: 237.0 FK: 26.0 FD: 41.0 Rnd: 564,beyAz,Gentle Mates,"sova, raze, skye",0.8,155.4,0.72,71.0,103.8,0.52,0.42,0.05,0.07,23.0,11.0,25.0,291.0,405.0,237.0,26.0,41.0,564
Player mazin from team MIBR has the following stats: R2.0: 0.87 ACS: 175.35 K:D: 0.87 KAST: 68.77 ADR: 115.03 KPR: 0.61 APR: 0.29 FKPR: 0.09 FDPR: 0.11 HS%: 27.64 CL%: 16.1 KMax: 24.4 K: 518.09 D: 591.61 A: 240.49 FK: 79.15 FD: 91.45 Rnd: 3270,mazin,MIBR,"raze, omen, viper",0.87,175.35,0.87,68.77,115.03,0.61,0.29,0.09,0.11,27.64,16.1,24.4,518.09,591.61,240.49,79.15,91.45,3270
Player Haodong from team EDward Gaming has the following stats: R2.0: 0.88 ACS: 167.81 K:D: 0.88 KAST: 72.78 ADR: 108.32 KPR: 0.59 APR: 0.35 FKPR: 0.08 FDPR: 0.1 HS%: 27.6 CL%: 23.7 KMax: 22.26 K: 502.06 D: 575.65 A: 309.25 FK: 36.4 FD: 45.55 Rnd: 2179,Haodong,EDward Gaming,"astra, omen, viper",0.88,167.81,0.88,72.78,108.32,0.59,0.35,0.08,0.1,27.6,23.7,22.26,502.06,575.65,309.25,36.4,45.55,2179
Player Anthem from team DetonatioN FocusMe has the following stats: R2.0: 0.91 ACS: 180.25 K:D: 0.84 KAST: 69.83 ADR: 123.16 KPR: 0.62 APR: 0.29 FKPR: 0.07 FDPR: 0.11 HS%: 24.6 CL%: 13.09 KMax: 21.48 K: 284.13 D: 345.55 A: 133.93 FK: 31.4 FD: 48.23 Rnd: 1369,Anthem,DetonatioN FocusMe,"jett, skye, sova",0.91,180.25,0.84,69.83,123.16,0.62,0.29,0.07,0.11,24.6,13.09,21.48,284.13,345.55,133.93,31.4,48.23,1369
Player Knight from team Bilibili Gaming has the following stats: R2.0: 0.85 ACS: 185.4 K:D: 0.91 KAST: 66.82 ADR: 121.19 KPR: 0.65 APR: 0.33 FKPR: 0.05 FDPR: 0.09 HS%: 28.53 CL%: 10.35 KMax: 22.12 K: 403.4 D: 443.37 A: 207.22 FK: 14.0 FD: 25.76 Rnd: 1245,Knight,Bilibili Gaming,"breach, sage, kayo",0.85,185.4,0.91,66.82,121.19,0.65,0.33,0.05,0.09,28.53,10.35,22.12,403.4,443.37,207.22,14.0,25.76,1245
Player havoc from team FURIA has the following stats: R2.0: 0.79 ACS: 182.2 K:D: 0.79 KAST: 61.0 ADR: 126.1 KPR: 0.62 APR: 0.19 FKPR: 0.12 FDPR: 0.19 HS%: 36.0 CL%: 17.0 KMax: 22.0 K: 319.0 D: 406.0 A: 98.0 FK: 61.0 FD: 95.0 Rnd: 512,havoc,FURIA,"kayo, raze, jett",0.79,182.2,0.79,61.0,126.1,0.62,0.19,0.12,0.19,36.0,17.0,22.0,319.0,406.0,98.0,61.0,95.0,512
Player kon4n from team FURIA has the following stats: R2.0: 0.99 ACS: 206.33 K:D: 0.97 KAST: 70.14 ADR: 134.01 KPR: 0.7 APR: 0.26 FKPR: 0.09 FDPR: 0.11 HS%: 23.67 CL%: 16.3 KMax: 25.88 K: 497.79 D: 496.4 A: 183.32 FK: 60.14 FD: 74.07 Rnd: 1784,kon4n,FURIA,"raze, skye, sage",0.99,206.33,0.97,70.14,134.01,0.7,0.26,0.09,0.11,23.67,16.3,25.88,497.79,496.4,183.32,60.14,74.07,1784
Player nephh from team Bilibili Gaming has the following stats: R2.0: 0.89 ACS: 205.86 K:D: 0.92 KAST: 67.0 ADR: 131.27 KPR: 0.7 APR: 0.36 FKPR: 0.12 FDPR: 0.13 HS%: 20.0 CL%: 5.79 KMax: 24.29 K: 361.91 D: 388.41 A: 183.28 FK: 64.0 FD: 67.92 Rnd: 949,nephh,Bilibili Gaming,"breach, kayo, skye",0.89,205.86,0.92,67.0,131.27,0.7,0.36,0.12,0.13,20.0,5.79,24.29,361.91,388.41,183.28,64.0,67.92,949
Player FiNESSE from team NRG Esports has the following stats: R2.0: 0.84 ACS: 171.6 K:D: 0.84 KAST: 68.28 ADR: 114.34 KPR: 0.59 APR: 0.27 FKPR: 0.07 FDPR: 0.08 HS%: 19.91 CL%: 11.87 KMax: 22.46 K: 1222.41 D: 1444.36 A: 536.72 FK: 133.88 FD: 169.27 Rnd: 6310,FiNESSE,NRG Esports,"cypher, killjoy, viper",0.84,171.6,0.84,68.28,114.34,0.59,0.27,0.07,0.08,19.91,11.87,22.46,1222.41,1444.36,536.72,133.88,169.27,6310
Player Yosemite from team Bilibili Gaming has the following stats: R2.0: 0.82 ACS: 206.59 K:D: 1.02 KAST: 63.46 ADR: 127.42 KPR: 0.72 APR: 0.27 FKPR: 0.09 FDPR: 0.09 HS%: 24.06 CL%: 8.93 KMax: 27.06 K: 450.45 D: 441.87 A: 169.42 FK: 26.65 FD: 24.89 Rnd: 1245,Yosemite,Bilibili Gaming,"killjoy, raze, viper",0.82,206.59,1.02,63.46,127.42,0.72,0.27,0.09,0.09,24.06,8.93,27.06,450.45,441.87,169.42,26.65,24.89,1245
